光纤位置,0,5,10,15,20,25,30,35,40
0.63005,135.0407,,,140.5246,,,,,
0.91894,139.01652,,,143.3351,,,,144.9803,
1.20782,137.78266,141.8956,,142.04246,,,151.1496,148.75047,
1.4967,136.1832,140.86733,,141.09583,,,144.29477,144.77464,154.2343
1.78559,136.19358,137.78266,139.8391,141.05429,,136.7544,140.6617,142.48316,144.98023
2.07447,137.30809,135.13864,136.41167,141.73738,,132.6415,138.07644,142.00984,142.30684
2.36335,137.37137,135.9547,134.69796,141.62137,,130.99634,139.83912,143.3912,142.63001
2.65224,137.30282,136.474,136.90131,141.75847,,134.40419,140.21303,143.39838,144.06627
2.94112,137.23427,134.85615,138.12539,141.14153,125.4439,135.61194,139.20637,142.51252,144.32593
3.23,136.61733,134.01248,138.15655,140.45605,135.38343,135.16535,138.05686,141.62139,143.47746
3.51889,134.97217,132.36731,136.99172,139.01653,137.16572,134.53978,136.34315,140.11331,142.03267
3.80777,133.94394,131.06489,135.8633,138.19394,134.69797,133.25845,135.45202,138.60524,140.7988
4.09665,133.53265,130.37941,135.04072,137.43991,132.87001,132.57296,134.56089,138.33105,140.45606
4.38554,132.91571,129.41973,134.35523,136.89152,131.42634,132.09312,133.80685,137.78266,139.97622
4.67442,132.57296,129.48827,134.14959,136.27458,129.9523,131.81893,133.80685,137.16572,139.90767
4.9633,131.68183,129.41973,133.32701,134.83506,128.46005,130.85924,133.18991,136.13749,139.01654
5.25219,130.79069,127.63746,132.64153,133.80683,127.63747,130.17375,132.50442,135.58909,137.91976
5.54107,129.76247,126.60923,131.3391,132.71005,126.60924,128.73423,130.99635,134.08103,136.75443
5.82995,128.66569,125.78665,130.24232,131.68183,125.64956,127.63745,129.83102,132.43586,135.45201
6.11884,127.29472,124.07293,128.9399,130.6536,124.34713,126.40358,128.2544,130.92779,134.21814
6.40772,126.19794,123.04471,127.70603,129.41973,122.63341,125.03261,127.29471,129.55683,132.77862
6.6966,125.44391,122.56487,126.88344,128.46005,121.81083,124.27857,126.54068,128.73424,132.23023
6.98549,125.44391,123.04471,126.2665,128.32295,122.08503,124.00437,126.60923,128.04875,131.88748
7.27437,125.37536,123.11326,126.2665,128.32295,122.22213,123.79873,126.33503,127.63747,131.47619
7.56325,125.78665,123.38745,126.60924,128.59714,122.70197,124.14147,126.95197,128.32295,131.68183
7.85214,126.47214,124.62133,127.15763,129.76247,122.70197,124.82696,127.84311,128.93989,132.36731
8.14102,126.74633,125.44391,127.50037,129.96811,123.18181,125.3068,128.1173,129.69393,132.77861
8.4299,126.81488,125.7181,127.63747,130.24231,123.73019,125.37535,128.93988,129.35119,132.84715
8.71879,127.56891,126.33503,128.5286,130.79069,124.27859,126.19793,129.76247,129.83103,133.60119
9.00767,128.46005,126.60923,128.87134,131.81893,125.51247,126.81487,130.5165,130.31087,134.21813
9.29655,128.66569,126.88342,129.21408,132.50441,125.30682,127.29471,130.37941,130.65361,134.69797
9.58544,129.28263,128.1173,129.55682,132.71006,125.71811,127.50036,130.58505,131.06491,135.45201
9.87432,128.73425,127.9802,129.35117,132.16167,125.16972,127.02052,130.10521,130.92781,134.76652
10.1632,128.46005,127.36327,129.14553,131.81892,124.48423,126.74633,129.96811,131.0649,134.90362
10.45209,128.32295,127.98021,129.07697,131.95602,124.07294,126.60923,130.03666,130.85925,134.76652
10.74097,128.04876,127.29472,129.07697,132.16167,124.34713,126.67778,129.89957,131.0649,134.69797
11.02985,127.98021,127.36327,129.00843,132.50441,123.86729,126.54069,129.89957,131.13345,134.49233
11.31874,127.63746,126.95197,128.80278,132.29877,123.31891,126.19794,129.76247,130.72216,134.42378
11.60762,127.29471,126.47213,128.66568,131.81893,122.70197,125.99229,129.35117,130.92781,134.28669
11.8965,127.08907,126.47213,128.46003,132.02457,122.70197,125.85519,129.14553,130.17377,134.14959
12.18539,126.74633,125.51245,127.98019,131.33909,122.63341,125.51245,128.46004,129.69393,133.53265
12.47427,126.33503,124.68987,127.43181,130.6536,122.01647,125.16971,127.56891,129.14554,132.98426
12.76315,125.92374,123.52455,126.95197,130.03667,121.05679,124.62131,126.60923,128.6657,132.43587
13.05204,124.62132,121.87938,125.64954,129.07699,120.09711,123.45599,125.10115,127.50037,130.9278
13.34092,123.38745,121.0568,124.75841,127.77456,118.38339,122.56485,123.18179,126.67779,129.83102
13.6298,123.25035,120.57696,124.41567,127.50037,118.38339,122.49631,123.11324,126.54069,129.41973
13.91869,122.56486,119.48018,124.21002,127.63747,118.24629,122.63341,122.83905,126.33505,129.07699
14.20757,122.97615,119.13744,124.62131,127.91166,118.31484,123.52454,123.18179,126.81489,129.55683
14.49645,122.9076,119.68583,124.89551,128.11731,118.38339,123.52454,123.0447,126.33505,129.55683
14.78534,122.97615,119.27453,124.82697,127.43182,117.90355,123.31889,122.70196,126.40359,129.41974
15.07422,122.97615,120.09711,124.75842,126.95198,117.9721,123.38744,122.77051,125.92375,129.55684
15.3631,122.77051,119.96002,124.55277,126.54069,117.9721,123.18179,122.29067,125.78665,129.28264
15.65199,122.08502,119.34308,124.00439,125.92375,117.01242,122.83905,121.53663,125.58101,128.59715
15.94087,122.42777,120.30276,124.27858,126.12939,117.62936,123.11325,121.94793,125.8552,129.28264
16.22975,121.81083,119.75437,124.00439,125.30681,117.08097,123.25035,121.74228,125.92375,129.07699
16.51864,120.98824,119.89147,123.52455,124.75841,116.46403,122.83906,121.05679,125.37535,128.93989
16.80752,120.98824,120.30276,123.66164,124.89551,116.46403,122.42777,121.53663,125.30681,128.87135
17.0964,121.12534,120.43986,123.86729,125.51245,117.14952,123.04471,121.74228,125.64955,129.14554
17.38529,121.53663,121.1939,124.34713,125.99229,117.14952,123.11326,122.22212,125.92375,129.55683
17.67417,122.42775,121.67374,125.03261,126.67777,118.1092,123.52455,123.45599,126.60923,130.17377
17.96305,122.97614,121.87939,125.4439,127.22616,118.58904,123.5931,123.73019,126.88343,130.51651
18.25193,123.52453,122.63342,125.85519,127.15761,119.00033,123.5931,123.79873,127.15762,130.85925
18.54082,124.27857,123.93584,126.54068,127.98019,119.89146,123.86729,124.62131,127.15762,131.61329
18.8297,125.10115,123.86729,127.15761,128.52859,121.05679,124.48423,125.44389,128.18585,132.09313
19.11858,126.33503,125.71811,128.52859,130.17375,122.15357,125.92376,127.4318,129.28263,133.12135
19.40747,127.02051,125.85521,129.28262,131.33908,122.97615,126.12941,127.91164,130.31087,133.60119
19.69635,127.4318,126.33505,129.83101,131.81893,123.38743,126.47215,128.66567,130.92781,134.28668
19.98523,127.84309,126.47215,130.5165,132.29877,123.86727,126.60924,128.93987,131.27055,134.49233
20.27412,127.4318,125.64956,130.24231,131.95603,123.04469,126.26649,128.80277,131.27055,134.21813
20.563,127.5689,125.30682,130.17376,132.16167,122.90759,125.58101,128.46003,131.202,134.49233
20.85188,127.77455,125.03263,130.31085,132.09313,122.97614,125.58101,128.93987,131.27055,134.62943
21.14077,127.15761,124.27859,129.83101,131.61329,122.15356,125.16972,128.39148,130.85926,134.21813
21.42965,126.60922,123.93585,129.76247,131.0649,120.71404,124.14149,127.77454,130.17377,133.60119
21.71853,126.12938,124.21004,129.48827,130.85925,120.64549,123.93585,127.70599,130.31087,133.60119
22.00742,125.44389,124.00439,128.93989,130.03667,120.30275,123.52455,127.02051,129.07699,132.84715
22.2963,124.96405,124.41568,128.66569,129.69393,120.23421,123.25036,126.88341,128.80279,132.57296
22.58518,124.62131,124.55278,128.3915,129.35119,119.54873,123.18181,127.36325,128.3915,132.29877
22.87407,123.93583,124.00439,127.98021,129.077,118.2463,122.56487,126.88341,128.25441,131.81893
23.16295,123.11324,124.21004,127.22617,128.59716,116.94388,121.81083,126.06083,127.29472,131.33909
23.45183,122.01646,122.83907,126.19795,127.63748,117.08098,120.57695,124.41567,126.47213,130.51651
23.74072,121.74227,122.97617,126.1294,127.02054,116.66969,120.7826,124.48422,126.06084,130.44796
24.0296,121.60517,123.25036,126.06085,126.81489,117.21808,121.0568,124.21003,125.99229,130.51651
24.31848,122.15357,123.7302,126.40359,127.43183,117.97211,121.60519,124.96406,126.88342,131.61329
24.60737,122.29067,124.48424,126.60923,127.77457,118.04066,121.60519,124.82696,126.74632,131.40764
24.89625,122.42777,124.96408,126.81488,127.77457,118.10921,121.87939,125.23825,127.15761,131.33909
25.18513,123.3189,125.30683,127.70601,128.32296,118.79469,122.35923,125.37535,127.63745,131.81893
25.47402,124.27859,126.33506,128.5286,129.35119,119.75437,123.25036,126.33503,128.25439,132.64152
25.7629,125.58101,127.70603,129.48828,130.65361,121.53664,124.55278,127.77456,129.76245,133.87539
26.05178,126.67779,128.46006,130.37941,131.3391,122.63342,125.30681,129.00843,130.51649,134.69797
26.34067,126.95199,128.59715,130.72215,132.09313,122.22213,125.44391,129.35118,131.40763,135.24637
26.62955,127.63747,128.66571,131.47619,132.50442,122.29067,125.9923,130.03667,132.23021,135.93185
26.91843,128.04876,129.14555,131.75038,133.05281,123.11325,126.33504,130.10521,132.98425,136.82299
27.20732,128.18585,129.35119,131.95603,133.12135,123.73019,126.40359,130.10521,133.18989,136.96009
27.4962,128.2544,128.25441,132.16167,132.98425,124.48423,126.60924,130.10521,133.80683,136.96009
27.78508,128.93989,128.9399,132.84716,133.18989,124.27858,127.22618,130.7907,135.04071,137.50847
28.07397,129.48827,129.55683,133.12135,133.87538,125.03262,127.50037,130.85925,135.24636,138.05686
28.36285,129.83101,129.41973,133.4641,134.49231,124.75842,127.43182,130.92779,135.45201,137.98831
28.65173,130.03665,130.03667,133.80685,134.62941,125.44391,127.63747,131.13344,135.7262,137.98831
28.94062,130.37939,129.76247,134.35523,134.9036,125.8552,127.98021,131.95603,136.00039,138.33105
29.2295,130.92778,130.03667,134.90362,135.72619,126.81488,128.73425,132.84715,136.54879,139.29073
29.51838,131.13343,131.13344,135.10927,136.00039,127.70601,129.07699,133.80683,137.09717,139.49637
29.80727,131.61327,131.33909,135.45201,136.41168,128.11731,129.28263,133.46409,137.91975,139.70202
30.09615,131.75037,131.40764,135.7262,136.20603,128.46005,129.55682,133.80683,138.19395,140.18186
30.38503,131.61327,131.20199,135.7262,136.20603,128.52859,129.55682,133.18989,137.64555,139.90767
30.67392,132.16166,131.75039,136.34314,136.89152,129.48827,130.24231,133.73828,138.60523,140.45605
30.9628,131.54473,131.81893,136.1375,136.20603,129.35118,129.89956,133.05279,138.87943,140.18186
31.25168,132.23021,132.50442,136.82299,136.75443,129.55683,130.5165,134.08103,139.22217,140.31895
31.54057,133.32699,133.53265,137.57702,137.85121,130.37941,131.27053,135.10926,139.63346,141.00444
31.82945,134.56087,135.24636,138.74235,139.42783,131.40763,132.71005,136.34313,141.07298,142.7867
32.11833,135.17781,135.93185,139.22219,139.97622,132.64151,133.94393,136.82297,141.48427,143.81493
32.40722,135.58911,136.06895,139.49638,140.31896,131.95602,134.42377,137.43991,141.68991,144.02057
32.6961,136.06895,136.41169,139.83912,140.59315,131.88747,135.24635,138.26249,142.30685,144.63751
32.98498,135.93185,136.20605,139.77057,140.59315,131.61328,135.24635,138.1254,142.23831,144.36332
33.27387,135.58911,136.48025,139.22218,140.25041,131.61328,134.76651,137.23427,141.68992,143.88348
33.56275,135.52057,136.82299,139.01653,139.77057,131.68183,134.49231,136.75443,141.21008,143.47219
33.85163,135.31492,136.96009,138.94799,139.90767,130.99635,134.28667,136.61733,140.59315,143.33509
34.14052,134.76653,136.41169,138.19395,139.42783,130.44795,133.73829,136.61733,139.77057,142.78669
34.4294,133.87539,136.06895,137.30282,138.39959,129.28263,132.84715,135.38345,138.81089,141.89557
34.71828,133.39555,135.52056,136.89153,137.91975,127.84311,132.36731,134.90361,138.74234,141.41573
35.00717,132.71006,134.62943,136.27459,137.09717,126.74633,131.61328,134.01248,137.50847,140.45605
35.29605,133.0528,134.76653,136.13749,137.37137,126.88343,131.88747,134.62942,137.30282,140.38749
35.58493,132.16167,133.73829,135.52055,136.68588,126.40359,131.27053,133.46409,136.68589,140.04475
35.87382,130.99634,132.71007,134.35523,135.79475,125.7181,130.31085,132.16167,136.0004,138.94797
36.1627,129.76246,131.88749,133.0528,134.35523,124.07293,128.87133,130.99634,134.42379,137.43991
36.45158,128.66568,130.44797,132.09312,133.80683,122.42777,127.22617,129.96811,133.05282,136.20603
36.74047,127.8431,129.76248,131.40763,132.57296,122.29067,126.19793,128.93989,132.36733,135.3149
37.02935,126.88342,129.55683,130.72215,132.02457,122.01647,125.03261,127.84311,130.72217,134.21812
37.31823,125.99229,128.6657,129.83101,131.13344,120.85115,124.07292,126.47213,129.48829,133.53263
37.60712,125.58099,127.63747,129.41972,130.79069,120.02857,123.52453,126.33503,129.14554,132.84715
37.896,124.21002,126.40359,128.52859,130.31085,117.62936,121.94791,124.82697,127.77457,131.47617
38.18488,122.83905,124.07294,127.15761,128.46004,115.84709,120.78259,122.42777,126.88343,130.2423
38.47377,122.29066,123.86729,126.95197,127.8431,115.98419,120.43985,121.87938,126.54069,130.10521
38.76265,122.29066,123.31891,126.74632,128.32294,115.98419,120.3713,121.81083,126.67779,129.76246
39.05153,122.9076,123.93584,127.08907,129.00843,117.28662,120.85114,122.56486,126.81489,130.31085
39.34041,123.45599,124.55278,127.56891,129.48827,117.76646,121.33098,123.25035,127.43183,131.13343
39.6293,123.86728,124.21003,127.9802,130.51649,117.90356,121.94792,123.25035,127.70602,131.81892
39.91818,124.48422,124.75843,128.11729,131.40762,118.58905,122.29067,123.86728,127.84311,132.09311
40.20706,125.03261,124.68987,128.73423,131.75036,119.13744,122.83905,124.96406,128.39151,132.7786
40.49595,125.37535,125.03261,129.14553,132.2302,119.61728,123.1818,125.03261,129.00844,132.7786
40.78483,125.30681,125.03261,129.00843,132.09311,120.09712,123.59309,124.75841,129.07699,132.50441
41.07371,125.16971,125.03261,129.07698,132.64149,120.09712,123.59309,125.16971,129.07699,132.50441
41.3626,125.37535,124.82697,128.93989,132.5044,119.82293,123.66164,125.23825,130.03667,132.57296
41.65148,126.47213,126.06084,129.83102,133.12134,121.0568,124.96407,126.74632,130.9278,133.327
41.94036,127.02052,126.74633,130.44796,133.87538,121.46809,125.58101,127.22617,131.95603,134.28668
42.22925,127.50036,126.40359,130.65361,134.08103,122.49632,126.19795,127.63746,132.98426,134.90362
42.51813,128.25439,127.50037,131.27054,135.24635,123.86729,126.67779,128.80279,133.60119,135.52056
42.80701,128.18585,127.02053,131.27054,135.10926,122.90761,126.12939,128.87133,133.53265,135.31491
43.0959,128.1173,127.77456,131.40764,134.83507,123.52455,126.12939,129.28263,133.66974,135.58911
43.38478,127.84311,127.43182,130.85925,134.28668,123.25035,125.51245,128.87133,133.87538,135.58911
43.67366,127.63747,127.29472,130.58505,134.21813,123.93584,125.37536,128.93989,133.39554,134.97217
43.96255,127.63747,127.70601,130.58505,134.08103,124.27858,124.89552,129.41973,133.32699,134.76653
44.25143,127.02053,127.29472,130.03667,133.53265,123.79874,124.21003,128.52859,132.9157,133.94395
44.54031,126.88343,127.70601,129.83102,133.25845,123.04471,124.00439,127.77456,132.36731,133.66975
44.8292,126.54069,127.29472,129.48828,132.84716,123.11326,124.00439,127.98021,131.68182,133.46411
45.11808,126.60923,127.36327,129.69393,133.327,122.63342,123.52455,128.32295,131.40763,133.39556
45.40696,127.15762,128.04875,130.10521,133.4641,122.22213,123.86729,128.32295,131.95601,133.60121
45.69585,127.08907,127.91165,130.03666,133.39555,122.22213,123.66165,128.52859,131.68182,133.80685
45.98473,126.26649,127.43181,129.35117,132.98425,121.26245,122.97616,128.04875,131.13343,133.73829
46.27361,125.30681,127.15762,128.52859,131.95602,120.85116,122.56487,126.88343,129.96811,133.05281
46.5625,125.37535,128.04875,128.66569,131.81892,120.85116,122.35922,127.36327,130.17375,133.05281
46.85138,126.19794,128.59713,129.28263,132.57295,121.4681,123.38745,128.46005,130.79069,133.87539
47.14026,127.08907,129.69391,130.17376,133.46409,122.70197,124.89552,129.83102,131.75037,135.04071
47.42915,127.50036,129.62537,130.31086,133.80683,121.94793,125.23827,129.41973,132.09312,135.45201
47.71803,127.08907,129.28262,130.51651,133.73829,121.60519,125.44391,128.87134,131.40763,135.04071
48.00691,125.58099,127.91165,129.41973,132.71006,119.75438,124.21003,126.95198,130.17375,133.94393
48.2958,124.14147,126.81487,128.1173,131.13345,117.69793,122.63341,124.68987,129.00843,132.50441
48.58468,123.59309,125.92373,127.70601,129.96812,116.25841,121.94793,123.86729,128.52859,131.47618
48.87356,122.42776,124.55276,126.54068,128.6657,115.77857,121.0568,122.90761,127.91165,130.85924
49.16245,121.53663,123.31889,125.78664,127.77457,114.06485,119.61728,121.46809,126.47213,129.83101
49.45133,120.50841,122.35921,124.48421,126.33505,112.96807,118.93179,120.57697,125.51245,128.80277
49.74021,118.93179,120.43985,123.04469,125.10117,112.35114,117.56082,118.9318,123.66164,127.5689
50.0291,118.10921,119.20597,122.35921,124.21004,112.14549,116.87533,117.90357,122.63341,126.54067
50.31798,117.62937,118.52049,121.81082,123.66165,111.5971,115.91565,116.87535,121.81082,125.71809
50.60686,117.76647,118.10919,121.74227,124.07295,111.39145,115.57291,117.28663,122.01647,125.92374
50.89575,118.38341,118.45194,121.94792,124.62133,111.80274,116.53259,117.42373,122.08501,126.19793
51.18463,117.56082,117.76645,121.33098,123.93585,110.98015,115.29872,116.2584,121.46807,125.51245
51.47351,116.73824,116.94387,120.50839,123.31891,110.63741,114.33904,114.95597,120.37129,124.48422
51.7624,115.91565,115.84709,119.54871,122.63343,110.50032,113.37936,114.68178,119.00032,123.59309
52.05128,115.50436,115.29871,118.86322,122.01649,109.47209,112.48823,113.7221,118.52048,122.7705
52.34016,115.57291,115.43581,118.58903,121.74229,109.26645,112.07694,113.65355,118.72613,122.83905
52.62905,115.23016,115.23016,118.38338,121.60519,109.19789,112.00839,113.72209,117.97209,122.56485
52.91793,115.09307,115.02451,118.45193,122.15357,109.54063,112.14549,114.13339,117.56081,122.9076
53.20681,115.43581,115.36726,118.86322,122.49631,109.88337,112.35113,114.68177,117.835,122.97615
53.4957,116.12129,116.66969,119.41161,123.1818,111.11725,113.31081,115.36726,119.41162,123.86728
53.78458,116.60113,117.21807,120.02855,123.59309,111.87129,113.65355,115.43581,119.89146,124.48422
54.07346,117.42371,118.1092,120.78259,124.14147,112.69387,114.33903,116.87533,121.19389,125.3068
54.36235,118.04065,119.00033,121.33098,124.75841,112.62532,114.88743,117.69791,121.46809,125.92374
54.65123,118.72614,119.82292,122.08501,125.4439,113.24226,115.36727,118.52049,122.49632,126.47213
54.94011,118.86323,120.09711,122.35921,125.64955,113.585,115.64146,118.52049,123.04471,126.74632
55.229,118.04065,119.06888,121.74227,124.48422,112.83097,114.27049,117.90355,122.08503,125.71809
55.51788,117.56081,119.41163,121.39953,124.21002,112.62532,114.20193,117.835,121.94793,125.581
55.80676,117.28661,119.61727,121.26243,124.27857,112.00838,113.99629,117.42371,121.81084,125.4439
56.09565,117.49226,119.75437,121.87937,124.75841,112.35112,114.75032,117.76646,122.22213,125.78665
56.38453,117.76646,120.16566,122.35921,125.10115,113.24225,114.95597,118.79469,122.70197,126.06084
56.67341,118.65759,120.5084,123.25035,125.51244,114.06483,115.64145,119.82292,123.52456,126.81488
56.9623,119.96002,121.67373,124.75842,126.33503,115.70999,116.73823,121.39954,124.96408,127.98021
57.25118,121.05679,122.83905,125.78665,127.43181,116.87532,117.76647,122.22212,126.60925,129.28263
57.54006,121.74228,123.66163,126.67779,128.11729,117.35516,118.24631,122.35921,126.67779,129.89957
57.82895,122.15357,123.31889,126.95198,128.32294,117.62935,118.5205,122.49631,126.54069,130.24231
58.11783,121.81083,123.11324,126.74633,128.18585,116.87531,118.17776,122.56486,126.67779,129.96812
58.40671,121.39953,123.11324,126.40359,128.25439,115.98419,117.76647,122.35921,125.64956,129.48828
58.6956,120.85115,122.22211,125.64956,127.8431,115.50435,117.21807,122.01647,125.9923,128.93989
58.98448,119.82292,121.19387,124.75843,127.02051,113.85918,116.46404,120.85115,124.75843,128.3915
59.27336,119.27453,120.64549,124.00439,125.78664,112.8995,115.71001,120.37131,123.79875,127.15763
59.56225,118.86325,120.98823,123.79875,125.71809,112.41966,115.29872,119.96001,123.38745,127.36327
59.85113,118.6576,120.85113,123.66165,125.23825,112.14547,115.09308,119.61727,123.25035,126.95198
60.14001,118.45195,120.0971,123.3189,125.03261,112.07692,114.47614,119.34308,122.83906,126.54069
60.42889,117.56082,120.0971,122.70196,124.07293,111.11724,113.58501,118.79469,122.35922,125.64955
60.71778,116.94388,119.61726,122.15357,123.66164,110.43175,113.72211,117.90355,121.87938,125.37536
61.00666,116.80679,120.2342,122.35922,124.55277,110.56885,114.13339,117.69791,122.49631,125.44391
61.29554,116.80679,120.16565,122.01647,125.23826,110.50031,114.27049,117.21807,122.42777,125.37536
61.58443,116.87534,120.09711,121.87937,124.75842,110.15757,113.99629,117.01242,121.53663,124.75843
61.87331,117.49228,120.78259,122.15357,125.44391,110.43176,114.40758,117.69791,122.35922,125.23827
62.16219,118.24632,122.01647,122.9076,126.19794,111.87128,115.36726,118.93178,123.18181,126.26649
62.45108,120.37133,124.00438,125.03261,128.18585,114.88742,117.62937,121.33098,124.96407,128.87134
62.73996,121.8794,125.37535,126.67777,129.55682,117.08097,119.75437,122.08501,126.95198,130.85925
63.02884,124.1415,127.50036,129.21407,131.61328,119.48017,121.94793,123.86728,128.73425,132.98426
63.31773,126.5407,129.55682,131.47617,133.94393,122.77051,124.07294,126.12939,131.20199,134.97217
63.60661,128.46006,131.54473,133.60118,136.06894,124.82697,126.12939,127.9802,133.25845,137.02863
63.89549,131.06491,133.73829,136.27457,138.53669,127.43181,128.80279,130.79069,135.58911,138.94799
64.18438,133.32701,135.52055,138.46813,141.00444,129.69392,130.79069,132.98425,137.91976,141.00444
64.47326,135.31492,138.1254,140.45605,143.33509,131.20199,132.98425,135.38345,139.90767,143.12945
64.76214,137.30283,139.63347,142.10121,145.39155,133.39555,134.90361,137.09717,141.89558,144.98026
65.05103,138.87945,140.5246,143.54073,146.76251,134.62943,135.52054,138.39959,143.40365,146.28269
65.33991,139.77058,141.34718,144.08912,146.76251,135.79475,136.61732,139.49637,144.22624,147.44801
65.62879,140.25042,141.89557,144.43187,146.76251,136.54879,137.16571,140.04475,144.43188,147.92785
65.91768,139.42783,140.93589,143.95203,146.48832,135.79475,136.54878,139.29072,144.84317,147.92785
66.20656,138.6738,140.52459,143.47219,146.00848,135.38345,136.13749,138.81088,143.95204,147.17382
66.49544,137.91976,139.63347,142.64961,145.25445,134.08103,135.52055,137.7141,143.19801,145.80285
66.78433,136.13749,137.64555,141.07299,143.54073,132.02457,133.46409,135.72619,141.75849,143.60929
67.07321,135.10926,136.68587,139.97621,142.58105,130.58505,132.02457,134.83506,140.38751,142.10121
67.36209,133.39555,135.3149,138.05685,141.14153,128.87133,130.10521,132.84715,138.12541,140.11331
67.65098,132.09312,133.87538,136.75443,139.63347,127.22617,129.00843,131.47617,136.82299,138.60524
67.93986,130.31086,132.16166,135.10926,138.05685,125.64955,127.50036,129.76246,134.62943,137.02862
68.22874,127.56891,129.76246,132.36732,135.7262,122.90761,125.16971,126.81487,132.23023,134.90361
68.51763,125.7181,127.50035,130.37941,133.53264,120.30276,122.9076,124.75841,129.28264,132.71006
68.80651,123.93584,125.58099,128.52859,131.27054,118.5205,120.85115,122.29065,127.50037,130.51651
69.09539,121.81083,123.52453,126.47214,129.00844,115.50436,117.97211,119.48016,125.03263,128.11731
69.38428,120.23421,122.83905,124.82697,127.56892,114.13339,117.01243,118.45193,123.59311,126.47214
69.67316,118.6576,121.81082,123.38745,126.67779,112.28257,115.02452,116.73822,121.74229,124.41568
69.96204,117.21808,120.02856,122.08503,125.44391,110.22611,113.58499,115.16161,120.37133,122.83906
70.25093,116.3955,119.68581,121.12535,124.41568,109.60918,112.69386,114.61322,119.00035,121.33099
70.53981,115.57291,118.79469,120.09711,123.25035,108.51241,111.59709,113.58499,117.83503,119.82291
70.82869,114.20195,117.21807,119.00033,121.46809,106.45595,109.74627,111.93983,116.05276,118.58904
71.11758,113.58501,116.94387,118.04065,120.9197,105.56483,109.33498,110.98015,114.88743,117.62936
71.40646,112.83097,115.77855,117.35517,119.68583,104.67369,108.44385,110.15757,114.1334,116.80678
71.69534,112.21403,114.95597,116.87533,118.93179,103.91965,107.68981,109.67773,113.51646,115.91565
71.98423,111.18581,114.27048,115.91564,117.83501,103.02852,106.93577,108.58095,112.69387,114.81887
72.27311,111.11725,114.20193,115.50435,117.69791,102.75433,106.45593,108.44385,112.14549,113.99629
72.56199,111.3229,113.92774,115.43579,117.28662,102.75433,105.97609,107.96401,111.93984,113.58499
72.85088,111.04871,113.92774,115.23015,117.35517,102.82287,106.04465,107.75837,112.00839,113.1737
73.13976,109.81483,112.69387,114.27047,116.25839,101.65755,104.74222,106.6616,110.77451,112.48821
73.42864,110.43177,112.96807,114.95595,116.60113,102.89142,105.63335,107.27853,110.84306,112.96805
73.71753,111.11725,113.24226,115.50434,117.14953,103.50835,106.18175,107.62127,111.1858,113.58499
74.00641,111.3229,113.10516,115.84709,117.14953,103.5769,106.25029,107.34708,110.63741,113.17369
74.29529,112.00839,113.79065,116.53257,117.56082,104.19384,106.59304,108.23821,110.50031,113.51644
74.58418,112.69387,115.09307,117.28661,118.45195,104.81077,107.41563,108.58095,111.0487,113.99628
74.87306,112.55677,114.95597,117.49225,119.00033,104.94787,107.75837,108.71805,111.59709,114.61322
75.16194,113.17371,115.29871,117.90355,119.68582,106.18174,108.16966,109.67773,112.35112,115.16161
75.45083,113.31081,115.84711,118.17774,119.61727,106.04464,107.75837,109.74627,111.93983,114.95596
75.73971,113.585,115.91566,118.17774,120.02856,106.04464,107.96401,109.67773,112.07693,114.75031
76.02859,113.65355,116.60115,118.31484,119.96001,105.97609,108.37531,109.67773,112.21403,115.36725
76.31748,113.51645,116.32695,118.04065,120.02855,106.04465,107.96401,109.54063,111.66564,115.23016
76.60636,113.44791,116.05276,118.24629,119.82291,106.18175,107.89547,109.40353,112.07693,115.43581
76.89524,113.44791,115.91566,118.52049,120.50839,106.52449,108.30676,109.47209,112.21403,115.77855
77.18413,113.37936,115.71001,118.45195,120.2342,106.66159,108.51241,109.40353,112.76242,115.77855
77.47301,114.33904,116.46405,119.34308,121.19388,107.55272,109.67773,110.36321,113.65355,115.64145
77.76189,114.33904,116.66969,119.34308,121.33098,107.20998,109.88338,110.22612,113.7221,115.50435
78.05078,114.33904,116.60114,119.41163,121.46807,107.20998,109.88338,110.08902,113.51645,115.36726
78.33966,114.95597,116.60114,119.68583,122.01647,107.55273,110.43177,110.84305,114.20194,116.1213
78.62854,115.02452,116.73823,119.75437,122.15357,107.75837,110.56886,110.63741,114.75033,116.05275
78.91743,115.91565,116.80678,120.43986,122.77051,108.71805,111.25434,111.32289,115.43581,116.87533
79.20631,116.46404,116.73823,120.98825,122.70196,109.33499,111.73418,111.80273,116.2584,117.14953
79.49519,117.35517,117.97211,121.87939,123.73019,109.88338,112.89951,112.69387,117.01243,117.42372
79.78408,118.31485,118.58905,122.49633,124.55278,111.46,114.06483,113.65355,118.72615,118.5205
80.07296,118.24631,118.86324,122.70197,124.82697,111.80274,113.99629,113.99629,118.45195,118.3834
80.36184,117.76647,118.79469,122.63342,124.96407,111.59709,113.51645,113.65355,118.45195,117.90356
80.65072,117.97211,119.34307,122.83907,124.68988,111.52854,113.72209,113.85919,118.52049,117.69791
80.93961,117.69792,118.58904,122.70197,124.89553,111.32289,113.44789,113.585,118.38339,117.35517
81.22849,117.83501,118.86323,122.63341,124.62133,110.84305,113.1737,113.585,118.24629,116.80677
81.51737,118.04065,118.86323,122.70196,124.27859,110.63741,112.8995,113.31081,117.835,116.94387
81.80626,117.62936,118.52049,121.87937,123.31891,110.36321,112.14547,113.03661,117.08096,116.73823
82.09514,117.69791,118.72614,121.81082,122.42777,110.29465,111.73417,112.96807,117.14951,116.32694
82.38402,117.42371,118.65759,121.33098,122.15358,110.08901,111.25433,112.62533,116.53258,115.57291
82.67291,116.60113,118.52049,120.91969,121.33099,109.81482,110.84304,112.07694,116.05274,115.02451
82.96179,115.98419,117.90356,120.30275,120.57695,109.19788,110.02046,111.04871,115.09306,114.40758
83.25067,115.23016,117.35517,119.68581,119.68582,108.3753,108.92369,110.43178,114.13338,113.4479
83.53956,114.68177,117.01243,118.93177,119.13743,107.34707,107.89546,109.26645,112.69386,112.55677
83.82844,113.58499,115.98419,118.10919,118.45195,106.18175,106.66159,107.96403,111.73418,111.80273
84.11732,112.83096,114.75032,117.69789,117.62936,104.94787,105.56481,106.79871,110.08901,110.63741
84.40621,112.89951,114.68177,117.4237,117.49226,104.81078,105.42771,106.38741,110.43176,110.9116
84.69509,113.79063,114.40757,117.83499,117.90355,105.63337,106.1132,107.14145,111.11725,111.32289
84.98397,113.79063,114.06483,118.17774,118.2463,105.90756,105.97611,107.20999,111.45999,111.39143
85.27286,114.54467,115.02451,118.31484,118.31485,106.04465,106.5245,107.48419,111.52854,111.73418
85.56174,114.88741,115.36726,118.79468,118.72614,106.73014,107.07289,108.03257,112.00838,111.73418
85.85062,114.81887,115.43581,119.00033,119.00033,106.73014,106.86725,108.16967,111.45999,111.11724
86.13951,115.29871,115.71,119.61727,119.54872,106.73014,108.10112,108.44387,112.35113,111.66563
86.42839,114.88742,115.02451,119.34307,120.16566,106.73014,108.03257,108.16967,112.14548,111.66563
86.71727,114.13339,113.99629,118.93178,119.34308,106.1132,107.62128,107.34709,111.93983,111.25433
87.00616,114.20193,114.06483,119.06888,119.41163,106.52449,107.55273,107.48418,111.73419,111.25433
87.29504,114.27049,114.13338,119.00033,119.75437,106.73013,107.55273,107.96402,111.87129,111.32288
87.58392,113.37935,113.51644,118.45194,119.34308,106.04465,107.20999,107.62127,111.39145,110.98013
87.87281,113.24225,113.65354,118.17775,119.41163,106.31884,107.27853,107.75837,111.1858,110.84304
88.16169,113.24225,113.92773,118.04065,119.27453,106.45594,107.00434,107.55272,110.98015,110.5003
88.45057,113.4479,114.40757,117.90355,119.82292,106.31884,107.75837,108.03256,111.59709,110.77449
88.73946,113.7221,114.54467,118.17775,120.09711,106.59303,108.10112,108.03256,112.14548,110.6374
89.02834,113.79065,114.88742,118.24629,120.09711,106.45593,108.16967,108.30675,111.59709,110.56885
89.31722,113.85921,115.02451,118.24629,120.30276,106.11319,108.23821,107.89546,111.25435,110.15756
89.60611,113.51647,114.88741,117.9721,120.02856,105.9761,107.82692,107.62127,110.98015,109.47207
89.89499,113.10517,114.06483,117.49226,119.54872,105.63336,107.20998,106.86723,109.74628,109.06079
90.18387,112.69388,113.37935,116.73823,119.20598,105.22207,106.79869,106.18175,109.06079,108.71805
90.47276,112.41969,113.37935,116.53258,119.13743,105.49627,105.90755,105.839,108.16966,107.96401
90.76164,112.69388,114.06483,116.87533,119.13743,105.90756,105.70191,106.18175,108.44385,107.89547
91.05052,113.24227,114.33903,117.35517,119.75437,105.83901,105.63336,106.66159,108.6495,107.96401
91.33941,113.24227,113.92773,117.08097,119.34308,105.08498,105.22207,106.04465,108.44385,107.48417
91.62829,113.17371,114.06483,117.08097,118.72614,104.81079,105.49626,105.63336,108.99224,107.14143
91.91717,113.58501,113.79063,116.94387,118.5205,105.15353,105.35917,105.08497,109.26643,106.93579
92.20606,114.33904,115.02451,118.04065,119.20599,106.04467,105.90756,105.90756,109.95192,107.34708
92.49494,114.40759,115.09306,118.3834,119.41163,106.25031,106.11321,105.97611,109.54063,107.27853
92.78382,114.47614,115.02451,118.72614,119.54873,106.66161,105.97611,105.83901,109.81483,107.20999
93.07271,114.81888,115.43581,119.00033,119.75437,106.86725,106.04465,106.38741,109.67773,107.14144
93.36159,114.95597,116.05274,119.13743,120.02857,107.21,105.83901,106.11321,109.67773,107.20999
93.65047,115.64145,116.39549,119.61727,120.7826,107.62129,106.52449,106.9358,109.74628,107.75838
93.93936,116.60113,117.62936,120.57695,121.94793,108.58097,107.07288,107.68983,109.88338,108.58096
94.22824,117.28662,118.65759,121.46809,122.56487,109.26645,108.03256,108.64951,111.25435,109.12935
94.51712,118.45195,120.30276,122.70196,123.86729,110.84307,109.33498,109.74629,113.24227,110.02048
94.80601,119.41163,120.85115,123.86729,124.68987,111.46001,110.22611,110.56887,114.61324,110.77451
95.09489,120.30276,121.12534,124.62132,125.30681,111.93985,111.39144,111.04871,114.75033,111.3229
95.38377,120.91969,122.29067,125.16971,125.581,112.55678,112.21402,111.66565,114.88743,111.87129
95.67266,122.08502,122.97615,126.06084,127.02052,113.9963,113.10515,112.76242,115.43581,112.35113
95.96154,123.38745,123.59309,127.29472,128.39149,115.09308,114.06483,114.40759,115.9842,113.03661
96.25042,124.68987,125.16971,128.66569,129.89956,116.05276,115.50435,115.71001,116.87533,113.8592
96.53931,125.78665,125.51246,129.55682,131.13343,116.60115,116.60113,116.53259,117.90356,114.61323
96.82819,127.84311,127.63747,131.13344,132.6415,118.45196,118.38339,118.65759,119.68582,116.2584
97.11707,128.18585,127.70601,131.33909,132.7786,118.38341,118.10919,118.86324,119.27453,116.1213
97.40596,127.43181,127.43182,130.99635,132.02457,117.76647,117.49226,118.10921,118.52049,116.05275
97.69484,127.36327,127.22617,131.13345,132.09311,117.76647,117.83501,118.04066,118.38339,115.71001
97.98372,127.29472,126.81488,130.99635,131.88747,117.97211,117.28661,117.56082,118.45194,115.29871
98.27261,126.81488,126.06085,130.72215,131.54473,117.69792,117.14952,117.01243,118.38339,114.75033
98.56149,126.26649,125.03261,129.96812,130.99634,117.21808,116.32694,115.91565,117.49226,114.13339
98.85037,126.47214,124.75841,130.03667,130.92779,116.53259,116.12129,116.05275,117.01242,114.06483
99.13926,126.26649,124.62132,129.55683,130.65359,115.77856,115.64145,115.36726,116.18984,113.79064
99.42814,125.78665,124.14148,129.00844,130.58505,114.88743,114.88741,115.02451,115.8471,113.03661
99.71702,125.71811,123.86729,128.80279,130.44795,114.61323,114.40757,114.61322,115.64145,112.62531
100.00591,124.89552,123.86729,128.04876,129.41972,113.17371,113.79064,113.72209,114.88742,111.80273
100.29479,124.00439,123.25035,127.15763,128.80278,112.28258,113.17371,112.07693,113.92774,111.1858
100.58367,123.66164,122.9076,126.60924,128.46004,111.80274,112.28257,111.39144,113.03661,110.63741
100.87256,122.63341,121.67372,125.37536,127.08907,110.56887,110.77451,110.02047,111.32289,109.26643
101.16144,121.46808,120.02855,124.34713,125.99229,109.47209,108.99225,108.58095,109.95192,107.62127
101.45032,121.60518,120.50839,124.75842,126.19794,109.74629,109.54063,108.30675,110.22611,107.75837
101.7392,122.63341,121.12533,125.51245,126.81488,110.29468,110.15757,108.85513,110.29467,107.41563
102.02809,123.52454,121.81081,126.12939,127.50037,111.39145,110.70595,109.33497,110.50031,107.68982
102.31697,124.27857,123.66163,127.15761,128.2544,112.07693,111.66563,110.56885,110.63741,108.16966
102.60585,125.37535,124.48421,128.18584,129.07698,112.55677,112.69386,111.11724,111.25434,108.71805
102.89474,126.40357,126.26648,129.14552,130.17375,113.31081,113.44789,112.76241,111.87128,109.19789
103.18362,126.60922,126.95197,129.48826,130.72214,113.58501,113.37935,112.62531,111.80273,108.92369
103.4725,127.08906,127.63745,129.831,131.20198,114.33904,113.79064,112.69385,111.32289,108.71805
103.76139,127.2947,128.25439,130.31085,131.33908,114.33904,113.92774,112.55676,111.45999,108.7866
104.05027,127.70599,128.73423,130.99633,131.75037,114.61323,114.54468,112.76241,111.66563,108.6495
104.33915,128.59713,129.21407,131.88747,132.71005,115.71001,114.88742,113.58499,111.93983,109.06079
104.62804,129.41971,130.10521,132.7786,133.1899,116.53259,114.95597,114.54467,112.21403,108.99225
104.91692,130.44794,130.85925,133.94393,133.87538,117.08098,116.12129,115.5729,112.76241,109.40354
105.2058,131.88747,132.43587,135.38345,135.3149,118.58905,117.42371,116.66968,114.06483,109.95193
105.49469,132.98425,133.94393,136.54878,136.82297,119.48018,119.00033,117.42371,114.95597,110.50031
105.78357,134.28667,135.31491,137.57701,138.05684,120.30276,120.09711,118.58904,115.71001,110.98015
106.07245,135.04071,135.79475,138.19395,139.22217,121.33099,120.78259,119.06888,116.32694,111.25435
106.36134,135.10925,136.34314,138.19395,138.81087,120.30276,120.3713,118.38339,116.18984,110.36321
106.65022,135.10925,135.93185,137.78266,138.67378,119.54873,119.75437,117.21807,115.50435,109.26643
106.9391,134.76651,136.00039,137.23427,138.26249,118.86324,118.79469,116.80677,114.54467,107.82691
107.22799,134.62942,135.93185,136.89153,138.46814,118.31485,118.2463,115.5729,113.58499,106.31885
107.51687,134.69797,135.31491,136.68589,137.64556,117.62936,117.62937,114.75032,112.35112,104.12529
107.80575,134.62942,135.24636,136.48024,137.02863,116.05275,116.73823,114.13339,111.04869,101.24625
108.09464,134.76652,135.45201,136.41169,136.75443,115.64146,115.77855,112.55677,108.58094,97.33898
108.38352,134.90362,135.45201,135.79475,136.20603,113.8592,113.92774,110.63741,105.56481,92.74623
108.6724,134.83507,135.8633,135.24636,135.04071,111.52855,111.93983,107.68982,101.79463,86.6454
108.96129,135.24636,136.54879,134.90361,134.42377,108.99225,109.60918,104.53659,97.27043,79.37925
109.25017,134.49233,136.13749,133.12135,132.29876,104.81079,104.81078,99.0527,90.27847,69.7139
109.53905,134.01249,136.00039,131.40763,129.21407,99.18981,99.66964,92.81478,81.98409,58.47193
109.82794,133.53265,135.17781,128.59713,125.23825,92.40349,92.74623,85.20589,71.90745,44.41947
110.11682,132.77861,134.56087,125.64955,120.09711,84.31476,83.83492,75.54054,58.81467,26.80249
110.4057,132.29877,134.14959,121.74227,114.40757,74.64941,73.96393,64.77841,44.83077,8.02017
110.69459,132.02457,133.53265,117.21807,108.3753,64.57277,63.75019,53.26225,29.68153,-11.17343
110.98347,132.57297,133.87539,112.62531,101.24625,54.63323,52.91951,41.1977,13.91536,-31.46381
111.27235,132.64151,133.73829,106.38739,92.33493,41.54045,39.41544,25.84282,-5.62099,-57.03243
111.56124,132.57296,134.35522,98.77849,81.64135,27.14525,24.88314,9.18551,-25.77427,-83.28653
111.85012,132.02457,134.35522,90.00427,70.81067,12.75005,10.48793,-7.1976,-46.2703,-107.68983
112.139,132.02457,134.76651,84.15655,59.97999,0.0791,-3.08468,-22.30465,-65.64845,-132.7997
112.42789,132.71006,135.3149,76.93019,46.88722,-15.143,-19.16245,-40.38135,-88.3342,-161.52539
112.71677,132.57296,134.83506,66.72061,35.23396,-34.04579,-38.15871,-61.69372,-114.59039,-193.764
113.00565,132.50441,134.69796,53.76167,26.45975,-54.93679,-59.78416,-85.48987,-142.9238,-227.23856
113.29454,132.43587,134.21812,38.04446,17.75407,-74.44374,-78.96798,-107.96402,-168.21824,-254.79508
113.58342,132.84716,134.35521,18.50813,11.51615,-99.39543,-103.16563,-134.69797,-198.10543,-293.73067
113.8723,132.71006,134.28667,1.0282,6.44356,-107.964,-110.0205,-141.8956,-206.674,-286.8758
114.16119,132.02457,133.80683,,2.81049,,,,,
114.45007,131.95603,133.66973,,,,,,,
114.73895,132.09313,133.32699,,,,,,,
115.02784,131.95603,133.46409,,,,,,,
115.31672,131.06489,132.71005,,,,,,,
115.6056,131.27054,132.77861,,,,,,,
115.89449,131.54473,131.88748,,,,,,,
116.18337,131.95603,132.09313,,,,,,,
116.47225,131.27054,130.9278,,,,,,,
116.76114,130.37941,129.69393,,,,,,,
117.05002,130.10521,130.17377,,,,,,,
117.3389,129.76247,129.35119,,,,,,,
117.62779,128.80279,128.87135,,,,,,,
117.91667,127.77456,127.50038,,,,,,,
118.20555,127.36327,126.6778,,,,,,,
118.49444,127.70601,127.56893,,,,,,,
118.78332,127.22617,127.70602,,,,,,,
119.0722,127.43182,128.73425,,,,,,,
119.36109,128.46005,129.28263,,,,,,,
119.64997,129.55683,130.37941,,,,,,,
119.93885,130.31087,131.40764,,,,,,,
120.22774,130.51651,131.68183,,,,,,,
120.51662,130.37941,131.47619,,,,,,,
120.8055,130.7907,132.23022,,,,,,,
121.09439,131.06489,132.71006,,,,,,,
121.38327,130.6536,132.16167,,,,,,,
121.67215,130.44795,132.50441,,,,,,,
121.96104,130.10521,132.09312,,,,,,,
122.24992,129.89956,132.71005,,,,,,,
122.5388,129.48827,132.29876,,,,,,,
122.82768,128.32294,130.5165,,,,,,,
123.11657,127.63745,128.66569,,,,,,,
123.40545,126.40358,126.88343,,,,,,,
123.69433,125.10115,125.581,,,,,,,
123.98322,123.93583,124.82697,,,,,,,
124.2721,123.25034,124.27858,,,,,,,
124.56098,123.18179,124.82697,,,,,,,
124.84987,124.14147,125.85519,,,,,,,
125.13875,125.03261,126.74633,,,,,,,
125.42763,125.37535,127.43181,,,,,,,
125.71652,126.40358,128.25439,,,,,,,
126.0054,127.36326,128.59714,,,,,,,
126.29428,128.59714,129.62537,,,,,,,
126.58317,129.28263,129.89957,,,,,,,
126.87205,129.41973,129.83102,,,,,,,
127.16093,131.13344,131.40764,,,,,,,
127.44982,132.29877,133.18991,,,,,,,
127.7387,133.0528,134.28669,,,,,,,
128.02758,133.1899,134.56089,,,,,,,
128.31647,133.94393,134.49233,,,,,,,
128.60535,134.08103,134.35523,,,,,,,
128.89423,134.69797,134.21813,,,,,,,
129.18312,134.56088,133.87539,,,,,,,
129.472,135.24637,134.08104,,,,,,,
129.76088,135.65766,134.28669,,,,,,,
130.04977,136.2746,135.31491,,,,,,,
130.33865,137.37138,136.54879,,,,,,,
130.62753,138.12541,137.16572,,,,,,,
130.91642,138.94799,137.37137,,,,,,,
131.2053,139.63348,138.74233,,,,,,,
131.49418,139.63348,138.53669,,,,,,,
131.78307,139.49639,137.8512,,,,,,,
132.07195,140.79881,138.94797,,,,,,,
132.36083,141.14155,139.42781,,,,,,,
132.64972,140.04477,138.39959,,,,,,,
132.9386,139.08509,137.50845,,,,,,,
133.22748,136.82298,135.24635,,,,,,,
133.51637,135.04071,133.60119,,,,,,,
133.80525,133.1899,132.02457,,,,,,,
134.09413,131.47618,130.17375,,,,,,,
134.38302,130.03666,127.84311,,,,,,,
134.6719,127.9802,125.92375,,,,,,,
134.96078,126.33503,124.27858,,,,,,,
135.24967,124.96406,123.86729,,,,,,,
135.53855,124.14147,122.56487,,,,,,,
135.82743,123.86728,122.15357,,,,,,,
136.11632,124.27857,122.56487,,,,,,,
136.4052,123.79873,122.63341,,,,,,,
136.69408,125.1697,123.52454,,,,,,,
136.98297,126.81487,124.96406,,,,,,,
137.27185,127.15761,124.96406,,,,,,,
137.56073,128.46003,126.19793,,,,,,,
137.84962,128.93987,126.95197,,,,,,,
138.1385,128.59713,126.54067,,,,,,,
138.42738,129.28262,127.02051,,,,,,,
138.71627,129.62536,127.70599,,,,,,,
139.00515,129.55681,127.4318,,,,,,,
139.29403,129.55681,127.36325,,,,,,,
139.58292,129.83101,126.81487,,,,,,,
139.8718,130.17375,127.36325,,,,,,,
140.16068,129.69391,127.15761,,,,,,,
140.44957,129.69391,127.50035,,,,,,,
140.73845,129.55682,126.81487,,,,,,,
141.02733,128.87133,126.26648,,,,,,,
141.31622,127.56891,125.4439,,,,,,,
141.6051,127.36327,125.16971,,,,,,,
141.89398,127.08907,124.62132,,,,,,,
142.18287,127.36326,124.34713,,,,,,,
142.47175,128.46004,124.82697,,,,,,,
142.76063,128.46004,125.03261,,,,,,,
143.04951,127.84311,124.82697,,,,,,,
143.3384,127.70601,124.89552,,,,,,,
143.62728,127.22617,124.21003,,,,,,,
143.91616,126.67778,123.73019,,,,,,,
144.20505,125.99229,122.90761,,,,,,,
144.49393,125.16971,121.87939,,,,,,,
144.78281,124.07293,120.91971,,,,,,,
145.0717,122.63341,119.34309,,,,,,,
145.36058,121.26244,118.24631,,,,,,,
145.64946,121.81083,118.10921,,,,,,,
145.93835,121.81083,117.76647,,,,,,,
146.22723,121.74228,117.76647,,,,,,,
146.51611,121.33099,117.49227,,,,,,,
146.805,120.98825,117.35517,,,,,,,
147.09388,121.26244,117.56082,,,,,,,
147.38276,121.33099,117.08098,,,,,,,
147.67165,121.81083,116.94388,,,,,,,
147.96053,122.35921,117.49227,,,,,,,
148.24941,123.1818,117.97211,,,,,,,
148.5383,123.66164,117.83501,,,,,,,
148.82718,124.55277,118.79469,,,,,,,
149.11606,124.96406,118.45195,,,,,,,
149.40495,125.1697,118.79469,,,,,,,
149.69383,125.58099,118.79469,,,,,,,
149.98271,124.34712,117.76646,,,,,,,
150.2716,124.00438,117.49227,,,,,,,
150.56048,123.66164,117.62936,,,,,,,
150.84936,123.73019,117.35517,,,,,,,
151.13825,123.25035,117.14952,,,,,,,
151.42713,122.77051,116.18984,,,,,,,
151.71601,122.70196,115.50435,,,,,,,
152.0049,121.81083,114.27048,,,,,,,
152.29378,121.53664,113.72209,,,,,,,
152.58266,121.12535,113.4479,,,,,,,
152.87155,120.57696,113.10516,,,,,,,
153.16043,120.43986,112.21403,,,,,,,
153.44931,120.02857,111.39144,,,,,,,
153.7382,119.61729,110.22611,,,,,,,
154.02708,119.0689,108.58095,,,,,,,
154.31596,119.41164,107.82692,,,,,,,
154.60485,119.82293,107.68982,,,,,,,
154.89373,120.02857,106.79869,,,,,,,
155.18261,119.54873,106.04466,,,,,,,
155.4715,119.54873,104.81079,,,,,,,
155.76038,119.20599,103.50836,,,,,,,
156.04926,118.9318,102.75433,,,,,,,
156.33815,119.27454,101.65755,,,,,,,
156.62703,119.27454,100.14949,,,,,,,
156.91591,118.6576,97.68174,,,,,,,
157.2048,118.38341,95.69383,,,,,,,
157.49368,117.49228,93.22608,,,,,,,
157.78256,116.73824,90.89543,,,,,,,
158.07145,116.53259,89.18172,,,,,,,
158.36033,116.80679,88.35913,,,,,,,
158.64921,116.94389,86.78251,,,,,,,
158.9381,116.60114,84.24621,,,,,,,
159.22698,116.73824,81.91556,,,,,,,
159.51586,117.42373,80.1333,,,,,,,
159.80475,118.04067,77.80265,,,,,,,
160.09363,118.52051,76.15748,,,,,,,
160.38251,119.82293,74.37521,,,,,,,
160.6714,120.78261,73.55263,,,,,,,
160.96028,121.46809,72.79859,,,,,,,
161.24916,122.01649,72.79859,,,,,,,
161.53805,122.42777,72.45585,,,,,,,
161.82693,123.25035,71.77037,,,,,,,
162.11581,124.34713,71.42762,,,,,,,
162.4047,124.68987,69.50826,,,,,,,
162.69358,124.68987,67.04051,,,,,,,
162.98246,124.14148,65.39535,,,,,,,
163.27135,124.48423,64.64131,,,,,,,
163.56023,124.41568,63.61309,,,,,,,
163.84911,124.55277,62.9276,,,,,,,
164.13799,124.14148,62.79051,,,,,,,
164.42688,124.07293,63.2018,,,,,,,
164.71576,122.97615,64.09293,,,,,,,
165.00464,122.35922,65.18971,,,,,,,
165.29353,122.29067,67.24617,,,,,,,
165.58241,122.49631,69.50827,,,,,,,
165.87129,122.29067,71.42763,,,,,,,
166.16018,121.67373,74.71796,,,,,,,
166.44906,120.98824,78.62523,,,,,,,
166.73794,121.26243,83.69782,,,,,,,
167.02683,120.85114,88.15347,,,,,,,
167.31571,120.91969,93.36317,,,,,,,
167.60459,120.57695,98.29867,,,,,,,
167.89348,120.71404,104.67368,,,,,,,
168.18236,120.3713,110.36321,,,,,,,
168.47124,120.91969,116.18984,,,,,,,
168.76013,121.33097,122.56486,,,,,,,
169.04901,121.94791,127.36326,,,,,,,
169.33789,121.94791,131.13343,,,,,,,
169.62678,121.39952,134.97215,,,,,,,
169.91566,120.78259,138.67378,,,,,,,
170.20454,120.64549,143.54073,,,,,,,
170.49343,120.43985,148.54477,,,,,,,
170.78231,120.5084,153.89157,,,,,,,
171.07119,119.68582,159.99239,,,,,,,
171.36008,119.34308,166.50451,,,,,,,
171.64896,119.48017,172.81098,,,,,,,
171.93784,118.79469,176.5126,,,,,,,
172.22673,118.2463,179.46019,,,,,,,
172.51561,117.42371,182.68197,,,,,,,
172.80449,115.16161,186.34668,,,,,,,
173.09338,113.79065,193.6809,,,,,,,
173.38226,112.76242,200.5046,,,,,,,
173.67114,111.93983,205.64574,,,,,,,
173.96003,111.04871,204.20622,,,,,,,
174.24891,110.63741,194.67797,,,,,,,
174.53779,110.84306,197.4199,,,,,,,
,,,,,,,,,
185.1219,110.98015,158.3472,,,,,,,
185.41078,110.84306,163.8311,,,,,,,
185.69967,111.39145,163.89966,,,,,,,
185.98855,111.59709,163.92904,,,,,,,
186.27743,111.45999,165.31633,,,,,,,
186.56632,111.59709,164.23617,,,,,,,
186.8552,111.59709,163.80475,,,,,,,
187.14408,112.35113,163.62547,,,,,,,
187.43297,113.79065,163.28273,,,,,,,
187.72185,114.61323,162.93999,,,,,,,
188.01073,115.29872,161.22627,,,,,,,
188.29962,116.12131,159.16981,,,,,,,
188.5885,116.87534,158.41578,,,,,,,
188.87738,117.14953,157.93594,,,,,,,
189.16627,117.56082,156.29077,,,,,,,
189.45515,117.97211,155.19399,,,,,,,
189.74403,118.31485,153.61738,,,,,,,
190.03292,118.38341,152.31495,,,,,,,
190.3218,118.45196,150.94399,,,,,,,
190.61068,118.17777,148.40769,,,,,,,
190.89956,118.72615,145.93994,,,,,,,
191.18845,118.86325,142.99235,,,,,,,
191.47733,118.9318,139.63347,,,,,,,
191.76621,118.9318,136.34313,,,,,,,
192.0551,118.31486,132.77861,,,,,,,
192.34398,117.97211,129.96811,,,,,,,
192.63286,117.69791,127.50037,,,,,,,
192.92175,117.56081,124.48423,,,,,,,
193.21063,117.76646,121.19389,,,,,,,
193.49951,117.83501,118.72614,,,,,,,
193.7884,117.83501,115.02452,,,,,,,
194.07728,118.24631,113.10516,,,,,,,
194.36616,118.5205,110.43177,,,,,,,
194.65505,119.06889,109.12934,,,,,,,
194.94393,119.96001,108.7866,,,,,,,
195.23281,120.98825,108.23821,,,,,,,
195.5217,122.70196,107.89547,,,,,,,
195.81058,124.62132,107.89547,,,,,,,
196.09946,126.81487,108.44386,,,,,,,
196.38835,128.73424,107.55273,,,,,,,
196.67723,129.69392,106.66159,,,,,,,
196.96611,130.37941,104.94788,,,,,,,
197.255,130.85925,103.02852,,,,,,,
197.54388,130.99635,101.86319,,,,,,,
197.83276,130.7907,100.90351,,,,,,,
198.12165,130.31086,100.28657,,,,,,,
198.41053,130.24231,98.36721,,,,,,,
198.69941,129.76247,97.68173,,,,,,,
198.9883,130.03667,96.5164,,,,,,,
199.27718,130.37941,95.62527,,,,,,,
199.56606,130.03667,94.59703,,,,,,,
199.85495,128.87134,93.36316,,,,,,,
200.14383,127.50037,92.95187,,,,,,,
200.43271,125.8552,91.92364,,,,,,,
200.7216,125.51245,92.74622,,,,,,,
201.01048,125.44391,93.08897,,,,,,,
201.29936,125.71811,94.59703,,,,,,,
201.58825,125.9923,95.62526,,,,,,,
201.87713,126.60923,97.06478,,,,,,,
202.16601,126.74633,97.20188,,,,,,,
202.4549,128.04875,98.43575,,,,,,,
202.74378,128.80278,99.87527,,,,,,,
203.03266,129.96811,101.38335,,,,,,,
203.32155,130.03666,101.79464,,,,,,,
203.61043,129.96811,101.93174,,,,,,,
203.89931,129.48827,101.589,,,,,,,
204.1882,129.41973,101.79465,,,,,,,
204.47708,129.69392,102.82287,,,,,,,
204.76596,130.03667,104.33094,,,,,,,
205.05485,129.76247,105.08498,,,,,,,
205.34373,129.96812,106.59305,,,,,,,
205.63261,130.99635,108.51241,,,,,,,
205.9215,131.88748,110.50032,,,,,,,
206.21038,132.64152,111.25435,,,,,,,
206.49926,133.46411,112.89952,,,,,,,
206.78815,133.8754,114.13339,,,,,,,
207.07703,134.21814,115.50437,,,,,,,
207.36591,134.83507,116.66969,,,,,,,
207.6548,135.7262,118.17776,,,,,,,
207.94368,136.27459,119.61728,,,,,,,
208.23256,137.02862,120.98825,,,,,,,
208.52145,137.50846,122.56487,,,,,,,
208.81033,137.57701,123.38745,,,,,,,
209.09921,137.9883,123.86729,,,,,,,
209.3881,138.60524,124.55277,,,,,,,
209.67698,138.87943,125.37536,,,,,,,
209.96586,138.1254,125.16971,,,,,,,
210.25475,137.64556,125.51245,,,,,,,
210.54363,136.96007,125.58101,,,,,,,
210.83251,136.96007,125.9923,,,,,,,
211.1214,136.27459,125.58101,,,,,,,
211.41028,135.45201,124.75843,,,,,,,
211.69916,134.42378,124.21003,,,,,,,
211.98804,133.80685,124.89552,,,,,,,
212.27693,133.25846,125.51245,,,,,,,
212.56581,133.18991,125.71809,,,,,,,
212.85469,132.71007,125.78665,,,,,,,
213.14358,132.29878,125.4439,,,,,,,
213.43246,131.40765,124.89551,,,,,,,
213.72134,129.83103,123.11325,,,,,,,
214.01023,128.73425,122.35921,,,,,,,
214.29911,127.77457,121.26244,,,,,,,
214.58799,126.54069,120.23421,,,,,,,
214.87688,125.9923,120.23421,,,,,,,
215.16576,125.16971,120.02857,,,,,,,
215.45464,124.75842,119.82292,,,,,,,
215.74353,124.75842,119.96002,,,,,,,
216.03241,124.00439,119.48018,,,,,,,
216.32129,122.83906,117.49227,,,,,,,
216.61018,122.08502,117.01243,,,,,,,
216.89906,120.78259,116.32695,,,,,,,
217.18794,120.2342,115.50437,,,,,,,
217.47683,119.06887,114.61324,,,,,,,
217.76571,118.58903,113.65356,,,,,,,
218.05459,118.52049,114.40759,,,,,,,
218.34348,118.24629,113.99631,,,,,,,
218.63236,118.65758,114.81889,,,,,,,
218.92124,119.20597,115.23017,,,,,,,
219.21013,119.13742,115.43582,,,,,,,
219.49901,118.93178,114.68179,,,,,,,
219.78789,118.31485,114.81888,,,,,,,
220.07678,118.04065,114.88743,,,,,,,
220.36566,117.76646,114.40759,,,,,,,
220.65454,117.62936,114.33903,,,,,,,
220.94343,117.49227,113.79065,,,,,,,
221.23231,117.69791,113.99629,,,,,,,
221.52119,117.97211,114.81887,,,,,,,
221.81008,118.45195,115.02452,,,,,,,
222.09896,118.3834,115.50436,,,,,,,
222.38784,118.1092,115.23017,,,,,,,
222.67673,118.2463,115.71001,,,,,,,
222.96561,117.90356,115.64146,,,,,,,
223.25449,117.83501,115.29872,,,,,,,
223.54338,118.04066,114.68178,,,,,,,
223.83226,118.17775,114.75033,,,,,,,
224.12114,119.27453,115.64146,,,,,,,
224.41003,119.89147,116.2584,,,,,,,
224.69891,120.91969,117.42373,,,,,,,
224.98779,122.08502,118.9318,,,,,,,
225.27668,123.18179,119.48019,,,,,,,
225.56556,123.86728,120.30277,,,,,,,
225.85444,124.21003,120.09713,,,,,,,
226.14333,124.75841,121.331,,,,,,,
226.43221,125.37535,122.70197,,,,,,,
226.72109,126.06084,123.31891,,,,,,,
227.00998,126.47213,123.66165,,,,,,,
227.29886,126.12938,123.52455,,,,,,,
227.58774,125.92373,123.52455,,,,,,,
227.87663,125.85519,123.7302,,,,,,,
228.16551,126.40358,124.21004,,,,,,,
228.45439,125.99229,124.21004,,,,,,,
228.74328,124.96406,123.38745,,,,,,,
229.03216,124.96406,123.38745,,,,,,,
229.32104,124.62132,123.31891,,,,,,,
229.60993,123.86729,123.31891,,,,,,,
229.89881,123.66164,123.31891,,,,,,,
230.18769,122.90761,122.77051,,,,,,,
230.47658,122.35922,121.74228,,,,,,,
230.76546,121.81083,120.09711,,,,,,,
231.05434,121.94793,120.57695,,,,,,,
231.34323,121.67373,120.30276,,,,,,,
231.63211,121.67373,120.23421,,,,,,,
231.92099,121.46809,120.57695,,,,,,,
232.20987,121.26244,120.57695,,,,,,,
232.49876,120.6455,120.09711,,,,,,,
232.78764,120.5084,119.75437,,,,,,,
233.07652,120.57695,119.96002,,,,,,,
233.36541,120.30275,119.54873,,,,,,,
233.65429,120.02855,119.06888,,,,,,,
233.94317,119.89146,118.52049,,,,,,,
234.23206,119.00033,117.42371,,,,,,,
234.52094,119.20598,117.28662,,,,,,,
234.80982,119.48017,117.49227,,,,,,,
235.09871,119.54873,118.31485,,,,,,,
235.38759,119.06889,117.69791,,,,,,,
235.67647,119.06889,117.28661,,,,,,,
235.96536,119.20599,117.76645,,,,,,,
236.25424,118.6576,117.28661,,,,,,,
236.54312,118.58905,117.14951,,,,,,,
236.83201,117.90356,117.21806,,,,,,,
237.12089,117.28663,116.39547,,,,,,,
237.40977,117.01243,115.70999,,,,,,,
237.69866,116.05275,114.81886,,,,,,,
237.98754,115.71001,114.61322,,,,,,,
238.27642,116.05275,114.68177,,,,,,,
238.56531,116.60114,114.61322,,,,,,,
238.85419,116.53259,114.54467,,,,,,,
239.14307,116.12129,113.99629,,,,,,,
239.43196,116.66968,114.27048,,,,,,,
239.72084,117.21807,115.23016,,,,,,,
240.00972,117.90355,115.98419,,,,,,,
240.29861,118.86323,116.87533,,,,,,,
240.58749,120.57695,118.79469,,,,,,,
240.87637,121.26243,119.89147,,,,,,,
241.16526,121.94792,120.23422,,,,,,,
241.45414,122.29066,120.30277,,,,,,,
241.74302,122.70195,120.50841,,,,,,,
242.03191,123.25034,121.39954,,,,,,,
242.32079,123.04469,121.46809,,,,,,,
242.60967,122.7705,121.74228,,,,,,,
242.89856,122.7705,122.01647,,,,,,,
243.18744,123.45599,123.59309,,,,,,,
243.47632,124.14147,125.03261,,,,,,,
243.76521,124.41567,125.581,,,,,,,
244.05409,125.10115,126.54068,,,,,,,
244.34297,124.68986,125.7181,,,,,,,
244.63186,123.93583,124.34713,,,,,,,
244.92074,122.7705,123.11325,,,,,,,
245.20962,121.94792,122.35921,,,,,,,
245.49851,121.60517,121.74227,,,,,,,
245.78739,121.53663,121.33099,,,,,,,
246.07627,120.98824,121.46808,,,,,,,
246.36516,120.5084,121.05679,,,,,,,
246.65404,120.16566,120.50841,,,,,,,
246.94292,119.20598,119.13744,-35.988,1.37097,-132.6415,-131.6133,-141.8956,-144.9803,-236.4926
247.23181,118.86323,118.45195,-10.62503,2.125,-121.67373,-127.8431,-130.9278,-140.18187,-240.60553
247.52069,117.90355,117.01243,5.96372,4.11291,-103.02852,-107.75836,-111.66564,-118.6576,-214.69416
247.80957,117.62936,116.39549,19.68323,8.36291,-84.02097,-86.3712,-90.7779,-98.41619,-185.37494
248.09846,116.87533,115.57291,32.10358,14.25809,-64.32141,-66.83486,-71.06202,-78.71663,-157.89023
248.38734,115.91565,113.65355,43.65297,22.00409,-45.33553,-48.32675,-51.59838,-59.1699,-131.05243
248.67622,115.77855,113.79064,53.07242,31.32669,-29.02768,-31.40052,-35.03886,-42.31557,-107.25217
248.96511,115.9842,114.68177,61.21388,41.40334,-14.60083,-16.79439,-20.49601,-27.35088,-86.30267
249.25399,115.84711,114.13339,70.60503,52.9195,-0.34273,-2.74193,-5.89516,-12.81858,-66.90342
249.54287,116.18985,114.47613,78.89941,63.75018,14.39522,12.20166,9.25407,2.87905,-45.03642
249.83176,116.39549,115.09307,85.34298,72.04455,27.3509,25.63718,22.27831,16.79441,-25.22588
250.12064,116.53259,115.02451,91.44381,80.47603,39.07271,37.29044,34.41141,28.65331,-7.6089
250.40952,116.94387,115.64145,96.99624,87.19379,50.38322,48.39531,46.33886,39.82673,9.3226
250.69841,117.35517,115.98419,101.38335,93.08897,60.18567,58.06066,55.86711,49.69772,23.64925
250.98729,118.17775,116.60113,105.15352,98.57286,68.89133,66.14939,64.57278,58.67759,35.98799
251.27617,118.72613,117.01241,108.5124,102.89142,76.29458,73.55263,71.90748,66.08083,47.22997
251.56506,118.58904,117.76645,110.63741,105.42771,81.50427,79.03652,77.73411,72.25021,56.14128
251.85394,118.65759,117.62935,112.14547,107.89547,86.23413,83.97202,82.60106,77.18571,63.54453
252.14282,117.9721,117.35516,112.69387,108.85515,89.31881,87.81074,86.09703,80.68168,69.30261
252.43171,117.35516,116.66967,112.96806,110.15757,92.33494,89.86719,89.38736,83.28652,73.62117
252.72059,116.94387,117.14951,113.24225,111.18579,93.84301,92.33494,91.10107,85.95991,77.52844
253.00947,116.05273,116.73823,112.83096,111.32289,94.93979,93.91156,92.67769,87.81072,80.54457
253.29835,115.23015,115.50435,112.76241,111.39143,96.03656,94.93979,94.2543,88.97604,82.94377
253.58724,115.43579,115.64145,113.37935,112.69385,97.40753,96.44785,95.69382,90.96395,85.61717
253.87612,115.43579,115.23015,113.79064,113.17369,98.23011,97.95592,96.7906,92.19783,87.46798
254.165,115.23014,115.09305,113.99629,113.99628,99.05269,98.9156,97.81883,92.95186,89.0446
254.45389,115.29869,115.77854,114.20193,114.33902,99.66963,99.80673,98.29867,94.11719,90.48412
254.74277,115.23015,114.81886,114.06483,114.47612,99.87528,100.21802,98.02447,94.45993,91.10106
255.03165,115.70999,115.09305,114.61322,115.2987,101.1777,101.0406,99.25835,95.8309,91.99219
255.32054,115.43579,115.1616,114.95597,115.50435,101.1777,101.52044,99.25835,96.03655,93.36316
255.60942,115.64144,115.70999,114.75032,115.5729,101.10915,101.72609,99.80673,97.13333,93.843
255.8983,116.05273,115.29871,115.16161,116.25839,101.58899,102.48012,100.42367,97.88736,94.52849
256.18719,116.53257,115.50435,115.8471,116.73823,102.54867,103.02851,101.24625,98.70995,95.48817
256.47607,117.14951,115.23015,116.80678,117.49227,103.98819,103.91964,102.34303,100.35511,96.99623
256.76495,118.65759,116.32693,118.45195,119.20599,104.94787,106.31884,103.9882,102.00028,99.18979
257.05384,119.61727,117.21807,119.54872,119.96002,107.00432,106.93578,105.49627,102.95996,100.49221
257.34272,121.26243,118.93178,121.53663,121.60519,108.58094,108.58095,107.07289,104.87932,102.20593
257.6316,122.77051,120.85115,122.9076,122.97616,110.08901,109.95192,108.51241,106.73013,103.64545
257.92049,124.48423,122.63341,124.62131,124.55278,112.00838,111.66564,110.63741,108.1011,105.56481
258.20937,125.92375,123.59309,125.92374,126.33504,113.72209,112.83097,112.28258,109.47207,107.41561
258.49825,127.02053,124.27858,127.22617,127.50037,114.54467,113.92775,113.65355,111.04869,108.64949
258.78714,127.98021,125.10117,128.04875,128.3915,115.16161,114.81888,114.75033,112.35112,109.60917
259.07602,128.93989,126.67779,129.00843,129.48828,116.53258,116.05275,116.18985,113.85919,111.04869
259.3649,129.07698,126.95198,129.28263,129.41973,116.25839,116.46405,116.39549,114.06484,111.66563
259.65379,129.69392,127.22618,129.76247,129.62538,116.60113,116.5326,117.35517,114.33903,111.73417
259.94267,130.44795,127.91167,130.44796,130.58506,117.90356,117.42373,118.24631,115.29871,112.83095
260.23155,131.68183,129.96812,131.54473,131.88749,119.48017,118.52051,119.89147,116.18985,114.27047
260.52044,132.43587,131.33909,132.29877,133.05281,119.48017,119.34309,120.23422,117.14953,115.50435
260.80932,133.1899,131.61329,132.98425,133.87539,120.30276,119.96003,120.98825,117.56082,115.77854
261.0982,133.39555,131.95603,133.1899,133.73829,121.19389,119.96003,121.331,118.04066,115.98419
261.38709,133.87539,132.02458,133.66974,134.76653,121.19389,120.64551,121.74229,118.79469,116.53257
261.67597,133.87539,131.47619,133.39555,134.69798,121.39954,120.64551,121.94794,118.58905,116.66967
261.96485,134.14958,131.47619,133.80683,135.24637,121.33099,120.98825,122.49633,119.34308,117.4237
262.25374,134.01248,131.27055,134.01248,135.17782,121.67373,121.1939,122.29069,119.20599,117.4237
262.54262,133.60119,131.54474,133.73829,134.49233,121.19389,120.85115,122.29069,119.13744,117.21806
262.8315,133.94394,131.54474,133.80683,134.35523,122.15357,120.9197,122.22214,119.34308,117.49225
263.12039,133.66975,131.68183,133.46409,133.87539,122.77051,120.9197,122.01649,119.20598,117.35516
263.40927,133.12136,131.06489,133.32699,133.80684,122.63341,120.71405,121.7423,119.00033,117.01241
263.69815,132.98427,130.72215,133.12135,134.01249,122.83905,120.37131,121.6052,118.93179,116.87531
263.98704,132.77862,130.31086,132.71005,133.94393,122.56486,120.57695,121.26246,119.06888,116.66967
264.27592,132.57297,130.17376,132.77861,133.60119,122.9076,120.37131,121.12536,118.58904,116.53258
264.5648,131.95603,129.69392,132.36732,132.98425,123.11325,120.23421,120.57697,118.31485,116.60113
264.85369,131.68184,128.87134,131.95603,132.43585,123.59309,120.50841,120.78261,118.52049,116.60113
265.14257,131.75039,129.76247,131.88748,132.09311,123.18179,120.02857,120.71407,118.17774,117.01243
265.43145,131.13345,129.21408,131.13345,131.95602,121.46808,119.41163,119.96003,117.90355,116.46404
265.72034,130.51651,128.59714,130.58506,131.13343,121.33099,119.20599,119.48019,117.62935,116.53259
266.00922,129.69393,127.91165,129.69393,130.51649,120.23421,118.31486,118.31487,117.08097,115.91566
266.2981,128.87135,127.08907,128.59715,129.21407,120.02856,117.42373,117.49228,116.05274,115.02453
266.58699,128.46005,126.81487,127.98021,129.41971,119.27453,116.80679,116.94389,116.05274,115.02453
266.87587,128.18586,126.06083,127.77457,129.28262,119.13743,116.94389,116.18985,115.98419,114.88743
267.16475,127.98021,126.33503,127.91167,129.35117,118.3834,117.14953,116.25839,116.32694,115.09308
267.45364,128.66569,126.67777,128.52861,130.24231,118.45195,117.76647,117.21808,116.87533,115.98421
267.74252,129.83102,127.63745,129.48829,131.06489,119.61727,118.79471,118.24631,117.83501,117.35519
268.0314,130.31086,128.32294,130.24232,131.61328,120.43985,119.48019,119.34309,118.52049,118.04067
268.32029,130.72215,129.14552,130.99635,131.88748,120.57695,119.96003,119.82293,119.20598,118.86325
268.60917,131.47619,129.89955,131.61329,132.71007,121.05679,120.85117,120.78261,119.96001,119.61729
268.89805,131.75039,129.69391,131.81893,132.84717,120.98824,120.85117,120.57697,120.16566,119.48019
269.18694,131.95603,130.44795,132.36731,133.46411,120.91969,120.78261,121.05681,120.02857,119.54873
269.47582,132.36732,130.44795,133.1899,134.69798,121.67372,121.87939,121.74229,121.0568,120.30277
269.7647,133.60119,131.54473,134.56087,135.79475,123.31889,123.38745,123.25036,122.29067,121.81083
270.05359,134.56087,132.23021,135.10926,136.89153,124.00437,123.73019,124.14149,123.04471,122.63341
270.34247,136.06894,134.14957,136.54878,138.12541,126.19793,125.30681,126.2665,124.48423,124.21003
270.63135,136.96007,135.1778,137.50846,139.35929,127.63745,126.60924,127.29473,125.44391,125.4439
270.92024,137.50847,135.93183,138.33105,139.35929,128.66568,127.84311,128.52861,126.74633,126.19794
271.20912,138.33105,137.50845,139.08508,140.18187,129.69391,128.80279,129.96813,127.50036,127.36327
271.498,138.74233,138.19394,139.15363,140.45606,129.69391,129.00844,130.51652,127.63746,127.98021
271.78689,138.39959,137.43991,139.22217,139.90767,129.48826,128.66569,130.17377,127.70601,127.98021
272.07577,137.91975,136.34313,138.67379,139.63347,128.93987,128.3915,130.37942,127.15763,127.50037
272.36465,138.46814,137.09716,139.01653,139.97622,128.87133,129.14553,130.44797,128.04875,128.46005
272.65354,139.01653,137.30281,139.42782,140.86735,129.96811,129.89957,130.92781,128.66569,129.41973
272.94242,139.08507,137.50845,139.97621,141.14154,129.55682,130.24231,130.99635,129.21409,130.03666
273.2313,139.63347,138.53668,140.59315,142.10122,130.3794,130.99634,132.36733,130.37941,131.27053
273.52019,139.77057,138.33103,140.86735,142.37541,130.92779,131.68183,132.36733,130.72215,131.81892
273.80907,139.15363,138.12539,140.25041,141.82703,130.31086,131.20199,131.61329,130.51651,131.27053
274.09795,138.67379,137.98829,139.77057,141.00445,130.51651,130.58505,131.13345,130.44796,130.92779
274.38683,138.74234,137.98829,140.25041,140.73025,130.44795,130.7907,131.54473,130.9278,130.92779
274.67572,138.46815,137.71409,140.25041,140.52461,130.17376,130.58505,131.40763,131.13345,131.20199
274.9646,138.05685,137.23425,140.25041,140.04477,129.48827,130.31086,130.85925,130.85925,131.06489
275.25348,138.19395,137.16571,140.11331,140.66171,129.41973,130.10521,130.92779,130.51651,131.61327
275.54237,138.26249,136.41167,140.3875,140.79881,130.37941,130.31086,131.13343,130.85925,131.75037
275.83125,138.53669,136.82297,140.52459,141.34719,131.33909,130.99635,131.75037,131.75038,132.57295
276.12013,139.70202,138.33103,141.41573,142.85527,132.64151,132.29877,133.0528,132.91571,133.73828
276.40902,141.21009,140.59314,142.99234,143.6093,133.53265,133.4641,133.94393,134.76651,135.3149
276.6979,142.16977,141.27863,143.95202,144.77463,135.17781,134.35523,135.31491,135.79475,136.20603
276.98678,142.85525,141.75847,144.70605,145.04883,136.20604,135.04072,136.34313,136.61733,136.68587
277.27567,143.0609,141.27863,144.50041,144.63753,136.75443,135.17782,136.13749,137.30281,136.54878
277.56455,143.40364,141.48427,144.98025,144.91173,137.02863,135.86331,136.34313,137.64555,137.16572
277.85343,144.08913,142.5125,145.52863,145.87141,137.64556,136.48025,137.37136,138.67378,138.19395
278.14232,144.91171,142.92379,146.14557,146.41979,138.46814,137.23429,138.67379,139.35927,139.15363
278.4312,145.25445,143.19799,146.55686,147.03673,139.22217,137.78267,138.87943,139.15362,139.83912
278.72008,145.39155,143.81493,146.62541,147.24237,139.08508,138.12541,139.01653,139.22217,140.18187
279.00897,146.00849,143.95202,147.03671,147.9964,139.97621,138.94799,139.49637,140.1133,140.73026
279.29785,146.55688,144.98025,147.3109,148.81898,140.59315,139.56493,139.97621,140.79879,141.27865
279.58673,146.69398,145.39155,147.72219,148.54479,141.00444,140.04477,140.5246,141.27863,141.62139
279.87562,146.62543,145.66574,147.65365,148.20204,139.83911,139.97622,140.18186,141.07298,141.48429
280.1645,146.21414,144.91171,147.5851,147.44801,139.97621,139.63347,139.83911,140.52459,141.14155
280.45338,145.39155,143.74638,146.96816,146.62542,139.49637,139.01653,139.22217,139.77055,140.93591
280.74227,144.56897,143.06089,146.21413,146.35123,139.42782,138.46814,138.67378,139.22217,140.31897
281.03115,143.81494,142.51251,145.52865,145.73429,138.33104,138.1254,137.98829,138.87942,139.83913
281.32003,143.54075,142.64961,145.25445,145.80283,137.71411,137.50846,137.50845,138.87942,139.70203
281.60892,143.67784,143.26655,145.59719,146.55687,137.91975,137.71411,138.39959,139.01652,140.59317
281.8978,143.74639,143.19799,145.66574,146.89961,137.57701,137.57701,138.39959,138.81087,140.59317
282.18668,143.81493,142.9238,145.52865,146.35122,138.05685,137.57701,138.19394,138.74232,140.25042
282.47557,144.02058,143.54074,145.73429,146.69396,138.46814,137.64555,138.19394,139.22216,140.45607
282.76445,144.02058,143.40365,145.87139,146.89961,137.78265,137.8512,138.74233,139.702,140.93591
283.05333,143.88348,143.198,145.73429,147.10525,138.53669,138.1254,138.60523,139.8391,141.073
283.34222,143.33509,142.78671,145.11736,146.62541,137.9883,137.91975,138.19394,139.01651,140.73025
283.6311,143.47219,142.44397,145.11736,146.83106,138.26249,138.46815,138.39959,139.42781,140.93589
283.91998,142.51251,141.34719,144.02058,145.59719,136.89152,137.30282,137.02861,138.46813,139.56493
284.20887,142.03267,140.7988,143.54074,145.80283,136.68587,136.82298,136.48023,138.74233,139.08509
284.49775,141.82702,140.93589,143.40365,145.93993,136.00039,136.75443,136.13749,138.74233,138.94799
284.78663,141.75847,141.55283,143.60929,145.80283,135.72619,136.89153,136.34313,139.35927,138.60524
285.07552,141.48427,140.59315,143.3351,145.59719,134.76651,136.82299,136.34313,139.22217,138.2625
285.3644,141.27863,140.11331,143.12945,145.0488,134.83507,136.34315,136.06894,138.60524,138.33105
285.65328,140.45604,138.67379,142.58107,144.56896,133.94393,136.00041,136.00039,138.05685,137.85121
285.94217,140.25039,138.74234,142.37542,144.29477,133.53264,135.65766,135.86329,137.71411,137.43991
286.23105,140.04475,138.60525,141.75849,143.60929,132.91571,135.45202,135.86329,137.57702,137.50846
286.51993,139.56491,138.19396,141.62139,143.74638,131.81893,135.31492,135.38345,137.23428,137.23427
286.80882,139.63346,137.85121,141.48429,143.74638,131.47619,135.52057,135.452,137.02863,137.43991
287.0977,140.18185,138.81089,141.96413,144.36332,132.57297,136.61734,136.00039,138.26251,137.9883
287.38658,141.14153,139.15364,143.06091,145.11735,133.87539,137.57702,136.82297,139.29073,139.08508
287.67547,141.96411,139.63348,144.08913,146.14558,134.42377,138.5367,137.91975,140.31897,140.11331
287.96435,142.10121,139.15364,144.50043,146.21413,134.28668,138.19395,138.46813,140.18187,140.38751
288.25323,142.51251,139.42783,144.70607,146.41977,134.49233,138.60525,138.81088,140.52461,141.00445
288.54212,142.51251,140.18187,144.56897,146.48833,135.38346,138.94799,139.08507,140.45605,141.82703
288.831,142.71815,140.38751,144.77461,146.62543,135.58911,139.22218,139.49637,140.38751,141.96413
289.11988,142.23831,139.63348,143.95203,146.14559,135.45201,138.67379,138.87943,139.35928,141.27864
289.40877,141.96412,139.77058,143.33509,145.5972,135.8633,137.91975,138.67378,138.60524,141.41573
289.69765,141.41573,139.29074,142.71815,145.4601,135.31491,137.43991,138.05684,138.60524,140.93589
289.98653,141.96412,139.77058,142.71815,145.11735,135.5891,137.23427,138.05684,138.74234,141.41573
290.27542,141.62138,139.35929,142.5125,144.91171,135.79475,137.23427,137.43991,138.53669,141.27863
290.5643,141.14154,138.87945,142.30685,144.84315,135.79475,136.82297,136.75442,138.60524,140.6617
290.85318,141.07299,139.15364,142.23831,144.29477,135.79475,136.34313,136.96007,138.87943,141.14154
291.14207,140.73025,138.94799,141.89557,143.40364,136.00039,135.65765,136.34313,138.53669,140.5246
291.43095,139.77057,137.85121,141.00443,142.51251,134.76651,134.08103,135.45201,137.16573,139.42782
291.71983,138.74235,137.50847,139.63346,141.34719,133.60119,132.77861,134.69797,136.0004,138.60523
292.00872,137.37137,137.30282,138.39959,139.77057,132.50441,131.40764,133.53265,134.76653,137.37135
292.2976,136.82299,137.57701,137.7141,138.94799,131.75038,130.99635,133.05281,134.49233,136.75441
292.58648,136.68589,136.82298,137.7141,139.49637,131.95603,130.51651,133.05281,134.35524,136.82297
292.87537,136.82299,136.41169,137.64555,139.42782,131.47619,129.69392,133.39555,134.0125,136.61733
293.16425,136.2746,136.00039,137.02862,138.81088,131.06489,129.35118,133.0528,133.46411,136.48023
293.45313,136.20605,135.93184,137.02862,138.60523,130.99635,129.62538,133.1899,133.87539,137.16571
293.74202,136.06896,136.41168,137.30282,138.33103,130.9278,130.51651,132.77861,134.56088,137.37136
294.0309,136.20605,136.48023,137.64557,138.05684,131.202,130.9278,132.98426,134.90362,137.57701
294.31978,136.20605,136.68587,137.85121,138.81088,131.75039,131.88748,133.39555,135.38346,137.78265
294.60866,137.09719,137.23427,138.60525,139.90766,132.43587,132.84716,134.62942,136.41169,138.74233
294.89755,138.94799,138.81088,140.52461,141.21009,133.94394,134.97217,136.61733,137.91975,140.59313
295.18643,141.55284,141.00443,142.78671,144.22623,136.82298,137.50847,139.35927,140.59315,143.12943
295.47531,143.4722,143.19799,144.84316,146.48833,138.81089,139.77057,141.82701,142.58105,145.87138
295.7642,145.25446,145.25445,146.55687,148.06495,141.073,141.89557,143.88347,144.36331,147.85929
296.05308,146.35123,146.96816,148.13349,149.77866,142.23832,143.26655,145.11734,146.00848,149.02462
296.34196,147.9964,147.58509,149.91575,151.62947,143.81494,144.77461,146.96815,148.20203,150.80689
296.63085,148.81898,148.27058,150.87543,152.6577,144.84317,145.73429,147.99639,149.09317,152.04076
296.91973,149.23027,149.23026,151.42383,153.06899,145.11736,147.03672,148.81897,150.12139,152.58915
297.20861,149.36737,149.77865,152.04077,153.54883,145.25446,147.99641,149.23026,151.01253,153.13753
297.4975,150.46414,150.73833,153.20609,154.37142,146.62543,148.81899,150.12139,152.04076,153.96011
297.78638,151.42382,151.42382,154.16577,155.26255,147.51657,149.64157,151.08107,152.7948,154.6456
298.07526,151.69801,151.08107,154.64561,155.81095,147.58511,149.77866,151.62946,153.13755,154.71415
298.36415,151.97221,151.35527,154.85125,156.08514,147.79075,149.77866,152.38349,153.00045,155.05689
298.65303,151.49237,151.28671,154.64561,155.53675,147.31091,149.50447,152.2464,152.72626,154.71415
298.94191,150.60124,150.53267,153.75448,154.50852,146.21413,148.40769,151.14962,151.56093,153.82303
299.2308,148.13349,147.79073,151.28673,152.65771,144.56897,146.00849,149.16171,149.50448,151.49238
299.51968,144.84316,144.3633,148.33915,149.50447,141.07299,143.06091,145.73429,146.07705,148.06495
299.80856,142.03267,141.48426,145.39156,146.55689,137.8512,140.25041,142.6496,143.47221,144.63751
300.09745,139.70202,138.60522,142.78671,144.29478,135.58909,137.78266,139.83911,141.3472,142.44395
300.38633,138.05686,136.13747,141.00445,142.51251,133.73829,136.27459,138.46813,139.63349,140.59315
300.67521,135.65766,134.08102,138.5367,140.11331,131.61328,134.21813,135.86329,136.96009,138.19395
300.9641,134.08104,132.50441,136.89153,138.3996,130.17376,132.57297,134.08102,135.38347,136.82297
301.25298,133.39555,131.75037,136.0004,137.30282,129.55682,131.20199,133.05279,134.42379,136.00039
301.54186,133.25846,131.13343,135.31491,136.75443,129.28263,130.92779,132.50441,133.7383,135.452
301.83075,132.43588,129.62537,134.35523,135.93185,127.84311,130.24231,131.95602,133.18991,134.49232
302.11963,132.36733,130.17375,134.42379,136.27459,127.84311,130.6536,132.16167,133.39555,134.56087
302.40851,132.98427,131.06489,134.83507,136.75443,128.59714,130.72215,132.98425,133.66974,134.97216
302.6974,133.25846,131.27053,135.04072,137.09717,128.87134,131.27054,133.12135,133.94393,135.04071
302.98628,133.66975,131.40763,135.10927,137.50847,129.55683,131.40763,133.18989,134.28667,135.52055
303.27516,133.60121,130.99635,134.69797,137.16572,129.96812,131.27053,133.39554,133.87538,135.65764
303.56405,133.94395,131.54473,135.04071,137.30282,130.10522,131.68182,133.32699,134.28667,136.00038
303.85293,133.7383,131.47619,134.76652,136.54878,129.69393,131.20198,133.25845,134.01247,135.79473
304.14181,134.08104,131.20199,135.17781,136.96007,130.65361,131.33908,133.32699,134.49231,136.13748
304.4307,134.49233,131.54473,135.58911,137.37136,130.51651,131.47618,134.01248,134.56087,136.34313
304.71958,134.28668,131.13344,135.38346,136.82297,130.03667,131.06489,133.87539,134.49232,136.34313
305.00846,135.5891,132.71005,136.06895,137.43991,131.33909,132.09312,135.04071,135.17781,137.37135
305.29735,136.61733,132.98425,136.96008,138.26249,131.95603,132.50441,135.79475,135.86329,137.577
305.58623,136.75443,132.84715,137.09717,138.33104,132.09313,132.50441,136.06894,135.452,137.7141
305.87511,136.61733,132.84715,137.16572,137.9883,132.23023,132.02457,136.00039,135.79474,137.7141
306.164,136.48023,132.84715,137.09717,137.85121,132.77861,131.54473,135.38345,135.52055,137.50846
306.45288,135.93183,131.47618,136.13749,137.16572,131.88748,130.24231,134.56086,134.62942,136.82298
306.74176,135.1778,130.44795,135.04071,136.68588,131.68183,129.83102,133.60118,134.14958,136.48024
307.03065,134.69796,130.37941,134.69797,135.86329,131.20199,129.07699,132.91569,133.53264,136.0004
307.31953,134.21812,130.24231,134.42378,135.04071,130.72215,128.87134,132.5044,132.50441,135.31491
307.60841,134.01247,130.03666,134.42378,134.97217,130.03667,128.46005,132.02456,132.57297,134.69798
307.8973,133.46409,129.48827,133.87539,134.83507,129.76247,128.3915,131.75037,132.09313,134.49233
308.18618,133.94393,129.69392,134.14959,135.58911,131.06489,129.00843,132.29875,132.36732,135.17782
308.47506,134.08103,130.24231,134.08103,135.58911,130.44796,129.76247,132.6415,131.47619,135.45201
308.76395,134.21813,130.65361,134.14958,135.38346,130.99635,130.24231,132.6415,131.68183,135.65766
309.05283,134.56087,131.27055,134.49233,135.7262,131.20199,130.58505,132.57295,132.09312,136.06895
309.34171,133.87538,130.58506,134.14958,135.86329,130.03666,130.2423,131.75037,131.81893,135.45201
309.6306,133.05279,130.44796,133.46409,135.65765,129.83101,130.03665,131.13343,131.20199,135.31492
309.91948,132.84715,130.51651,133.25845,135.65765,130.44795,130.51649,131.13343,131.47619,135.17782
310.20836,132.43586,129.76248,132.64151,135.24636,129.69391,130.31085,130.31085,130.65361,134.49233
310.49725,132.23021,129.76248,132.50442,135.45201,129.21407,130.44795,130.5165,130.51651,134.62943
310.78613,131.27053,129.07699,131.54474,133.94394,128.46004,129.69391,129.41973,129.48828,133.66974
311.07501,130.31085,128.18586,130.99635,132.77861,127.77456,128.93987,129.00844,128.59715,132.98425
311.3639,129.55681,127.36327,130.10521,132.71007,127.29471,128.32293,128.3915,128.46005,132.57296
311.65278,129.41972,127.43183,129.89957,132.64151,126.88342,127.91165,128.04876,129.07699,132.84715
311.94166,129.14553,127.08908,129.69392,132.23022,126.60923,127.98019,127.84311,129.14553,132.57295
312.23055,129.35117,127.08908,129.76247,131.47619,126.81487,127.50035,127.91166,129.21409,132.6415
312.51943,129.55682,128.04876,129.76247,131.33909,126.19793,127.706,128.11731,129.55683,132.71005
312.80831,128.73423,127.08907,129.41973,130.37941,125.71809,126.95197,127.70601,130.03667,132.09311
313.0972,128.11729,126.33504,129.00844,129.96811,125.03261,126.12938,126.95198,129.62538,131.54473
313.38608,127.43181,125.7181,128.18585,129.35118,124.96406,125.58099,126.81489,128.5286,130.85924
313.67496,127.22616,124.62133,128.11731,128.46005,125.03261,125.3068,126.40359,128.6657,130.92779
313.96385,127.15761,124.48423,127.77456,128.04875,125.16971,125.4439,126.40359,128.46005,130.85923
314.25273,126.95197,124.34713,127.56891,127.63747,124.27857,124.96406,125.9923,128.11731,130.37939
314.54161,126.54067,123.86729,127.43182,127.22617,124.55277,124.82697,125.9923,128.04875,130.37939
314.8305,126.06083,123.31891,126.74633,126.60923,124.48422,124.27857,125.44391,127.70601,130.2423
315.11938,125.85519,122.97616,126.74633,126.74633,124.75841,124.48422,125.51246,127.9802,130.31085
315.40826,125.99229,122.83906,126.81489,126.60923,123.52453,124.34713,125.23826,127.9802,129.83101
315.69714,126.26649,122.97616,127.02053,126.33503,123.66163,124.62132,125.58101,127.77455,129.83101
315.98603,125.99229,122.63341,126.67779,126.54068,123.66163,124.62132,125.58101,127.22617,129.69392
316.27491,126.12938,122.77051,126.60924,126.47213,124.68986,124.68987,125.51246,127.15762,130.17376
316.56379,125.99228,123.11325,126.54069,126.81487,124.21002,124.55277,125.51246,126.60923,129.89957
316.85268,125.10115,122.08503,125.85521,126.06084,123.38744,123.73019,124.55278,125.92374,129.21408
317.14156,124.82695,122.35923,125.44391,126.60923,123.11324,123.18181,124.14149,125.51245,128.66569
317.43044,124.27857,121.81083,124.96407,126.06085,122.6334,122.97617,123.86729,125.23825,128.32295
317.71933,124.41567,122.15358,124.96407,126.33504,122.08501,123.52455,123.79874,125.44389,128.18585
318.00821,124.27857,122.42777,124.68988,126.54069,122.29066,123.04471,124.14148,125.30679,128.04875
318.29709,123.59309,121.74229,124.14149,125.64955,120.98824,122.42777,123.59309,124.82695,127.22617
318.58598,123.66163,121.12535,124.07294,125.78665,121.60518,122.42777,123.66164,124.62131,127.56892
318.87486,123.79873,121.12535,124.14149,125.78665,121.26244,122.49632,124.34713,124.21002,127.50037
319.16374,124.34713,121.74228,124.75843,126.40359,122.08502,122.90761,125.30681,125.10115,127.63746
319.45263,124.89552,122.83906,125.30681,127.08907,122.42776,123.52455,125.85519,125.92374,128.39149
319.74151,125.23826,123.52455,125.37536,127.84311,123.31889,124.14149,126.33504,125.92374,129.14553
320.03039,125.23826,123.38745,125.30681,127.9802,123.59309,124.07295,126.26649,126.19793,129.14553
320.31928,125.64955,123.456,125.85521,128.18585,124.55277,124.55279,126.95198,126.54067,129.21407
320.60816,125.71811,123.66165,125.92375,128.18585,123.66164,125.10117,127.29472,126.74632,129.35117
320.89704,126.40359,124.21004,126.60924,129.00843,124.14148,126.06086,127.91166,127.77455,130.17376
321.18593,127.43183,124.96407,127.70602,129.76247,125.30681,127.15763,128.93989,129.07698,131.13344
321.47481,128.25441,125.23827,128.39151,129.89956,125.7181,127.98021,129.89957,129.89957,132.36731
321.76369,129.28264,126.2665,129.41973,130.79069,127.15762,128.73425,130.99635,130.7907,133.0528
322.05258,129.76248,126.54069,130.10522,130.99634,127.91165,129.07699,131.40764,131.13344,134.08103
322.34146,130.24232,127.02053,130.65361,131.47618,127.9802,129.76248,131.75039,131.20199,134.35522
322.63034,130.99635,127.29473,131.20199,132.09312,128.25439,130.03667,132.43587,131.40764,134.97216
322.91923,131.202,127.91167,131.61329,132.02457,128.1173,130.72216,132.64152,132.09313,135.3149
323.20811,131.40765,128.25441,131.75039,132.16167,127.8431,131.06491,132.29877,132.84716,135.72619
323.49699,131.88749,128.6657,131.95603,132.57296,128.04875,131.3391,132.98426,132.77861,136.34313
323.78588,132.64152,129.96812,132.50441,133.60119,128.87133,131.61329,133.6012,133.05281,136.89152
324.07476,132.71007,128.87135,132.64151,132.84716,128.18585,131.47619,133.73829,133.53265,136.82297
324.36364,133.18991,129.55683,133.327,133.60119,128.04875,132.16168,134.08103,134.01249,137.50846
324.65253,132.64153,129.00844,132.71006,132.98425,126.95197,131.61329,133.25845,133.87539,137.23427
324.94141,132.57297,129.00844,132.64151,132.98425,127.08907,131.61329,133.12135,134.08103,137.09717
325.23029,132.36733,128.5286,132.29877,132.50441,127.02053,131.40764,132.64151,134.01248,136.82297
325.51918,132.02458,128.18586,131.88747,132.64151,126.81488,131.20199,132.57297,133.73829,136.68587
325.80806,132.57297,128.87135,132.29877,133.4641,128.18585,131.61329,133.25845,133.87539,137.02862
326.09694,132.77861,129.41973,132.23022,133.66975,128.11731,132.29877,133.66974,133.94394,137.30281
326.38583,133.39555,130.51651,132.77861,134.49233,129.28263,132.57297,134.21813,134.69797,137.78265
326.67471,133.87539,131.95603,133.39555,134.97217,129.69393,133.327,135.3149,135.65765,138.87943
326.96359,135.10926,133.327,134.62943,136.89153,131.68183,135.04072,136.27458,137.37137,140.3875
327.25248,135.72619,134.01249,135.38346,137.91975,132.09312,135.24637,137.02861,137.91975,140.73025
327.54136,136.34313,134.35523,136.13749,138.53669,132.84716,135.58911,137.91975,137.9883,141.21009
327.83024,135.86329,133.66975,135.72621,137.91975,132.09313,135.38346,137.02861,137.71411,140.73025
328.11913,135.31491,131.88749,135.04072,136.82297,130.9278,134.76652,136.34313,137.16572,139.90767
328.40801,135.24635,132.98426,134.97217,137.64556,131.88748,134.90362,136.61732,137.02863,139.90767
328.69689,134.90361,132.91571,134.56087,136.96008,132.09313,134.83507,136.89151,136.61733,139.83912
328.98578,135.1778,133.32701,135.04071,137.09718,132.57297,135.10927,137.23426,136.61733,140.11331
329.27466,135.45199,133.25845,135.31491,137.02863,132.91571,134.90362,137.78265,136.82298,140.25041
329.56354,134.97215,132.91571,135.04071,136.54879,132.98426,134.28668,137.4399,136.61733,139.83912
329.85243,134.76651,132.77861,134.97217,135.79475,133.18991,134.21813,137.4399,136.48023,139.77057
330.14131,134.21812,132.29877,134.49233,135.17781,132.29877,133.66975,136.61732,136.00039,139.01654
330.43019,133.60119,131.13344,133.87539,134.42377,131.0649,132.98426,135.86329,135.38345,138.5367
330.71908,133.39555,130.6536,133.60119,134.01249,130.03667,132.43587,135.72619,134.97217,138.19396
331.00796,133.0528,129.62537,133.12135,133.87539,129.89957,132.09313,134.76651,134.76652,137.78267
331.29684,132.16167,128.87134,132.50441,132.43587,129.41973,130.92781,134.56087,134.01249,136.89153
331.58573,131.81893,129.00844,132.02457,131.95603,129.55683,130.92781,134.28667,134.08104,136.89153
331.87461,131.33909,129.14553,131.40763,131.54475,129.07699,130.44797,133.46409,134.08104,136.34315
332.16349,131.47619,129.41973,131.68183,131.81894,128.52861,130.85926,133.32699,134.83507,136.61734
332.45238,131.47619,130.31086,131.88747,132.29878,129.07699,130.79071,133.46409,134.76653,136.61734
332.74126,131.88748,130.51651,132.23022,132.36733,129.21409,130.92781,133.60119,134.90362,137.09718
333.03014,131.88748,129.83102,132.02457,132.57297,128.32296,129.83103,133.25845,134.42378,136.41169
333.31903,132.36732,129.69392,131.88748,133.327,128.32296,129.89958,133.327,134.62943,136.48024
333.60791,132.16168,129.89957,131.81893,133.87539,128.11731,130.03668,132.91571,134.56088,136.68589
333.89679,132.57297,130.24231,132.09313,134.21813,128.11731,130.58507,133.60119,134.83508,137.23427
334.18568,133.39556,131.20199,133.12135,136.13749,128.59715,131.54475,134.21813,135.72621,137.98831
334.47456,134.76653,132.29877,134.49233,137.37136,129.96813,133.39555,135.65765,137.23428,139.77057
334.76344,135.86331,133.25845,136.00039,138.87943,131.47619,134.35523,136.54879,138.46815,140.93589
335.05233,136.20605,132.43587,136.34314,139.29072,132.16168,134.90362,136.75443,139.01654,141.27863
335.34121,136.54879,132.16167,136.48023,139.29072,132.23023,134.76652,137.09718,138.67379,141.14154
335.63009,136.68589,132.64151,136.61733,139.83911,132.16168,134.90361,137.09718,138.60525,141.41573
335.91898,136.61734,132.36731,136.54879,140.1133,132.43587,135.24635,137.50847,138.67379,141.68993
336.20786,137.57702,133.25845,137.85121,141.21007,134.01249,136.68587,138.81089,139.97622,142.99235
336.49674,138.26251,134.21813,138.81089,141.89556,135.45201,137.50846,140.04476,140.25041,143.74638
336.78562,139.22219,134.83506,139.83913,142.71814,136.20604,138.74233,141.00444,141.55283,144.84315
337.07451,139.97622,134.97216,140.38751,143.47217,137.43991,139.63347,141.68993,142.71816,145.39154
337.36339,140.66171,135.65765,141.00445,143.81492,138.53669,140.73024,142.16977,143.81494,146.21412
337.65227,140.59316,135.93185,141.27865,144.08911,138.53669,141.07298,142.44396,144.43187,146.48831
337.94116,141.62139,136.61733,141.96413,144.50041,139.49637,141.75847,143.81493,145.11736,147.0367
338.23004,142.23833,137.91975,142.71817,145.46009,140.73024,142.51251,144.36332,145.80284,147.72219
338.51892,142.30687,137.78265,142.44397,144.84315,140.93589,142.10121,144.15767,145.52865,147.44799
338.80781,141.89558,137.9883,142.10123,144.70606,140.31895,141.41573,143.74638,145.52865,146.76251
339.09669,142.03268,138.60524,142.10123,144.56896,140.31895,141.34719,144.15767,145.52865,147.10525
339.38557,142.30687,139.77057,142.51251,145.0488,140.93588,141.96412,144.91171,146.07703,147.37945
339.67446,143.3351,140.93589,143.67784,146.07703,142.16976,142.71815,145.80284,147.37946,148.33913
339.96334,144.02059,140.79879,144.43187,146.55687,143.33509,143.67783,146.76252,148.61333,149.16171
340.25222,144.84317,141.55283,144.98026,147.10526,143.33509,143.81493,147.10527,149.16172,149.57301
340.54111,144.77461,141.68993,144.84316,146.76252,143.12944,143.33509,146.35123,148.75043,149.36736
340.82999,144.63751,141.82703,144.43187,146.48833,142.58105,142.9238,145.80285,148.54478,149.09317
341.11887,144.63751,141.89558,144.50041,146.07704,142.58105,143.54074,146.14559,148.68188,149.57301
341.40776,144.91171,142.85526,145.25445,146.41979,142.58105,143.60929,146.55687,149.02462,150.12139
341.69664,145.80284,143.88349,146.41977,147.58511,143.33509,145.18591,147.44801,149.71011,151.49237
341.98552,147.10526,144.98026,147.44799,147.99641,145.0488,146.28269,148.61333,150.32705,152.79479
342.27441,147.10526,144.84317,147.85928,148.54479,144.77461,146.35123,148.54479,150.60124,153.13754
342.56329,146.89961,144.02059,147.65363,148.1335,143.88348,146.14559,148.40769,150.3956,152.7948
342.85217,147.37945,144.22623,147.92783,148.75043,143.95203,146.41979,148.75043,150.73834,153.68593
343.14106,146.89961,142.92381,147.58509,148.33914,143.33509,145.7343,147.8593,149.84721,153.13755
343.42994,146.62542,142.92381,147.31089,148.40769,142.99235,145.66575,147.44801,149.29882,152.65771
343.71882,146.07703,142.10123,146.76251,147.8593,141.96413,144.56897,146.41978,148.40769,152.04077
344.00771,145.25445,141.48429,146.00847,147.79075,141.41573,144.22623,146.07703,147.72221,151.69803
344.29659,144.98026,142.03268,145.46008,147.8593,140.86735,143.88349,145.39155,146.96817,151.14963
344.58547,144.50042,141.68993,145.32299,147.58511,140.7988,143.74639,145.04881,146.07705,150.87543
344.87436,144.02058,141.82703,144.56895,147.8593,140.59316,143.6093,145.59719,145.8714,150.87543
345.16324,143.3351,140.6617,144.15766,147.31091,139.90767,143.19801,144.91171,145.32301,150.32705
345.45212,142.78671,140.45605,143.60927,147.24235,139.77058,142.03268,144.22622,144.56897,149.50447
345.74101,141.96413,139.29073,142.58105,146.48831,138.26251,141.2101,143.33509,143.95204,148.33914
346.02989,140.86735,138.33105,141.41573,145.46008,137.30283,139.70203,142.44396,143.12945,147.24237
346.31877,139.56493,137.43991,140.52459,145.39153,136.13751,138.87945,141.48428,142.44397,146.07704
346.60766,139.49638,138.1254,140.31895,144.98024,136.48025,138.87945,141.27863,142.23832,145.80284
346.89654,140.45606,139.01653,141.07299,146.00847,137.43993,139.49638,142.44396,142.71816,146.76252
347.18542,140.73025,139.08508,141.89558,146.35122,137.43993,140.18186,143.26655,143.198,146.89961
347.47431,141.27864,139.70201,142.30687,146.89961,138.05686,141.07299,144.22623,143.95203,147.92784
347.76319,141.62138,139.01653,142.37542,146.96816,138.3996,141.14154,144.56897,144.36333,147.85929
348.05207,142.10122,139.77057,142.64961,147.5851,139.15363,142.23831,145.25445,145.11736,148.54477
348.34096,142.16977,139.22218,142.64961,147.51655,138.67379,142.16976,145.25445,144.98026,148.27058
348.62984,142.10122,139.15363,142.71817,147.37946,138.60524,142.30686,145.25445,145.04881,148.40768
348.91872,142.37541,139.77057,142.78671,147.65365,138.46814,142.58105,145.80284,145.80284,148.61333
349.20761,142.92381,139.08509,143.26655,147.8593,138.67378,143.12944,145.93994,146.41978,148.81897
349.49649,143.67784,140.11331,143.81495,148.33914,139.70201,143.74638,146.89962,147.37946,149.77865
349.78537,144.50043,139.97621,144.43188,148.81898,139.97621,144.36331,147.51656,147.58511,150.32704
350.07426,144.77462,140.79879,144.84317,148.95608,141.21008,145.0488,147.92785,147.65365,150.87543
350.36314,145.46011,141.82702,145.59721,149.29883,142.16976,146.00848,148.81898,148.68188,151.56091
350.65202,145.18591,141.62138,145.32301,148.40769,141.41573,145.39155,148.20205,147.79075,151.14962
350.94091,144.84317,141.14154,144.84317,148.20205,140.93589,145.04881,147.8593,147.10526,150.87543
351.22979,143.198,138.87944,143.40365,146.41978,139.08507,143.47219,145.46009,145.59719,148.95607
351.51867,141.55283,137.91976,141.62139,144.43187,138.39959,141.55283,144.18931,143.88347,147.37945
351.80756,140.59315,137.57702,140.66171,143.40365,137.43991,140.52461,143.48465,142.71815,146.48832
352.09644,140.11331,137.16573,140.25041,142.92381,136.41168,139.60184,142.9238,142.3754,145.80284
352.38532,139.83912,137.37137,140.11332,142.30687,136.27458,138.99785,141.16111,142.16975,145.21754
352.67421,140.04477,137.91975,140.25042,142.51251,136.96007,137.32568,139.01652,141.89556,144.23245
352.96309,140.73025,138.39959,141.00445,142.85525,136.20076,135.72621,131.61327,140.30647,142.58106
353.25197,140.73025,138.05685,141.14155,142.37541,135.53925,131.202,123.3874,138.92511,140.42667
353.54086,141.07299,138.67379,141.68994,142.99234,133.55549,128.87133,,135.4324,138.19396
353.82974,141.48428,138.67379,141.96413,143.60928,133.08217,132.6415,,136.34312,138.8109
354.11862,141.48428,138.74233,142.30688,143.88348,134.9036,,,139.8391,137.7827
354.40751,141.48428,138.1254,142.16978,144.15767,138.46813,,,146.0085,
354.69639,140.38751,136.82298,141.073,143.19799,147.0367,,,,
354.98527,140.6617,136.75443,141.2101,143.33509,,,,,
355.27416,140.38751,136.00039,141.00445,142.78671,,,,,
355.56304,140.86735,136.89152,141.14155,143.47219,,,,,
355.85192,141.96413,137.78265,142.03268,144.43187,,,,,
356.14081,142.64961,137.5957,142.37543,144.77461,,,,,
356.42969,142.37542,136.06893,142.68653,144.36332,,,,,
356.71857,141.55283,133.52284,141.52168,143.26654,,,,,
357.00746,140.45605,129.96812,140.06762,141.62138,,,,,
357.29634,138.94798,127.8431,137.48889,140.18186,,,,,
357.58522,138.19395,127.5004,137.37138,139.63347,,,,,
357.8741,137.09717,,139.15363,138.1254,,,,,
358.16299,135.33072,,138.8109,136.12167,,,,,
358.45187,135.07186,,,135.53925,,,,,
358.74075,135.0407,,,135.61194,,,,,
359.02964,133.37594,,,133.66973,,,,,
359.31852,130.99632,,,131.81892,,,,,
359.6074,131.956,,,134.01247,,,,,
359.89629,133.6697,,,135.7262,,,,,
